:0200000460009A
:100000004643464200000156000000000101020084
:1000100000000000000000000000000000000000E0
:1000200000000000000000000000000000000000D0
:1000300000000000000000000000000000000000C0
:1000400000000000010406010000000000000000A4
:100050000000800000000000000000000000000020
:100060000000000000000000000000000000000090
:100070000000000000000000000000000000000080
:10008000EB04180AFF1E04320126000000000000E5
:100090000000000000000000000000000000000060
:1000A0000000000000000000000000000000000050
:1000B0000000000000000000000000000000000040
:1000C0000000000000000000000000000000000030
:1000D0000000000000000000000000000000000020
:1000E0000000000000000000000000000000000010
:1000F0000000000000000000000000000000000000
:1001000000000000000000000000000000000000EF
:1001100000000000000000000000000000000000DF
:1001200000000000000000000000000000000000CF
:1001300000000000000000000000000000000000BF
:1001400000000000000000000000000000000000AF
:10015000000000000000000000000000000000009F
:10016000000000000000000000000000000000008F
:10017000000000000000000000000000000000007F
:10018000000000000000000000000000000000006F
:10019000000000000000000000000000000000005F
:1001A000000000000000000000000000000000004F
:1001B000000000000000000000000000000000003F
:1001C000000100000010000001000000000000001D
:1001D000000001000000000000000000000000001E
:1001E000000000000000000000000000000000000F
:1001F00000000000000000000000000000000000FF
:10020000FFFFFFFFFFFFFFFFFFFFFFFFFFFFFFFFFE
:10021000FFFFFFFFFFFFFFFFFFFFFFFFFFFFFFFFEE
:10022000FFFFFFFFFFFFFFFFFFFFFFFFFFFFFFFFDE
:10023000FFFFFFFFFFFFFFFFFFFFFFFFFFFFFFFFCE
:10024000FFFFFFFFFFFFFFFFFFFFFFFFFFFFFFFFBE
:10025000FFFFFFFFFFFFFFFFFFFFFFFFFFFFFFFFAE
:10026000FFFFFFFFFFFFFFFFFFFFFFFFFFFFFFFF9E
:10027000FFFFFFFFFFFFFFFFFFFFFFFFFFFFFFFF8E
:10028000FFFFFFFFFFFFFFFFFFFFFFFFFFFFFFFF7E
:10029000FFFFFFFFFFFFFFFFFFFFFFFFFFFFFFFF6E
:1002A000FFFFFFFFFFFFFFFFFFFFFFFFFFFFFFFF5E
:1002B000FFFFFFFFFFFFFFFFFFFFFFFFFFFFFFFF4E
:1002C000FFFFFFFFFFFFFFFFFFFFFFFFFFFFFFFF3E
:1002D000FFFFFFFFFFFFFFFFFFFFFFFFFFFFFFFF2E
:1002E000FFFFFFFFFFFFFFFFFFFFFFFFFFFFFFFF1E
:1002F000FFFFFFFFFFFFFFFFFFFFFFFFFFFFFFFF0E
:10030000FFFFFFFFFFFFFFFFFFFFFFFFFFFFFFFFFD
:10031000FFFFFFFFFFFFFFFFFFFFFFFFFFFFFFFFED
:10032000FFFFFFFFFFFFFFFFFFFFFFFFFFFFFFFFDD
:10033000FFFFFFFFFFFFFFFFFFFFFFFFFFFFFFFFCD
:10034000FFFFFFFFFFFFFFFFFFFFFFFFFFFFFFFFBD
:10035000FFFFFFFFFFFFFFFFFFFFFFFFFFFFFFFFAD
:10036000FFFFFFFFFFFFFFFFFFFFFFFFFFFFFFFF9D
:10037000FFFFFFFFFFFFFFFFFFFFFFFFFFFFFFFF8D
:10038000FFFFFFFFFFFFFFFFFFFFFFFFFFFFFFFF7D
:10039000FFFFFFFFFFFFFFFFFFFFFFFFFFFFFFFF6D
:1003A000FFFFFFFFFFFFFFFFFFFFFFFFFFFFFFFF5D
:1003B000FFFFFFFFFFFFFFFFFFFFFFFFFFFFFFFF4D
:1003C000FFFFFFFFFFFFFFFFFFFFFFFFFFFFFFFF3D
:1003D000FFFFFFFFFFFFFFFFFFFFFFFFFFFFFFFF2D
:1003E000FFFFFFFFFFFFFFFFFFFFFFFFFFFFFFFF1D
:1003F000FFFFFFFFFFFFFFFFFFFFFFFFFFFFFFFF0D
:10040000FFFFFFFFFFFFFFFFFFFFFFFFFFFFFFFFFC
:10041000FFFFFFFFFFFFFFFFFFFFFFFFFFFFFFFFEC
:10042000FFFFFFFFFFFFFFFFFFFFFFFFFFFFFFFFDC
:10043000FFFFFFFFFFFFFFFFFFFFFFFFFFFFFFFFCC
:10044000FFFFFFFFFFFFFFFFFFFFFFFFFFFFFFFFBC
:10045000FFFFFFFFFFFFFFFFFFFFFFFFFFFFFFFFAC
:10046000FFFFFFFFFFFFFFFFFFFFFFFFFFFFFFFF9C
:10047000FFFFFFFFFFFFFFFFFFFFFFFFFFFFFFFF8C
:10048000FFFFFFFFFFFFFFFFFFFFFFFFFFFFFFFF7C
:10049000FFFFFFFFFFFFFFFFFFFFFFFFFFFFFFFF6C
:1004A000FFFFFFFFFFFFFFFFFFFFFFFFFFFFFFFF5C
:1004B000FFFFFFFFFFFFFFFFFFFFFFFFFFFFFFFF4C
:1004C000FFFFFFFFFFFFFFFFFFFFFFFFFFFFFFFF3C
:1004D000FFFFFFFFFFFFFFFFFFFFFFFFFFFFFFFF2C
:1004E000FFFFFFFFFFFFFFFFFFFFFFFFFFFFFFFF1C
:1004F000FFFFFFFFFFFFFFFFFFFFFFFFFFFFFFFF0C
:10050000FFFFFFFFFFFFFFFFFFFFFFFFFFFFFFFFFB
:10051000FFFFFFFFFFFFFFFFFFFFFFFFFFFFFFFFEB
:10052000FFFFFFFFFFFFFFFFFFFFFFFFFFFFFFFFDB
:10053000FFFFFFFFFFFFFFFFFFFFFFFFFFFFFFFFCB
:10054000FFFFFFFFFFFFFFFFFFFFFFFFFFFFFFFFBB
:10055000FFFFFFFFFFFFFFFFFFFFFFFFFFFFFFFFAB
:10056000FFFFFFFFFFFFFFFFFFFFFFFFFFFFFFFF9B
:10057000FFFFFFFFFFFFFFFFFFFFFFFFFFFFFFFF8B
:10058000FFFFFFFFFFFFFFFFFFFFFFFFFFFFFFFF7B
:10059000FFFFFFFFFFFFFFFFFFFFFFFFFFFFFFFF6B
:1005A000FFFFFFFFFFFFFFFFFFFFFFFFFFFFFFFF5B
:1005B000FFFFFFFFFFFFFFFFFFFFFFFFFFFFFFFF4B
:1005C000FFFFFFFFFFFFFFFFFFFFFFFFFFFFFFFF3B
:1005D000FFFFFFFFFFFFFFFFFFFFFFFFFFFFFFFF2B
:1005E000FFFFFFFFFFFFFFFFFFFFFFFFFFFFFFFF1B
:1005F000FFFFFFFFFFFFFFFFFFFFFFFFFFFFFFFF0B
:10060000FFFFFFFFFFFFFFFFFFFFFFFFFFFFFFFFFA
:10061000FFFFFFFFFFFFFFFFFFFFFFFFFFFFFFFFEA
:10062000FFFFFFFFFFFFFFFFFFFFFFFFFFFFFFFFDA
:10063000FFFFFFFFFFFFFFFFFFFFFFFFFFFFFFFFCA
:10064000FFFFFFFFFFFFFFFFFFFFFFFFFFFFFFFFBA
:10065000FFFFFFFFFFFFFFFFFFFFFFFFFFFFFFFFAA
:10066000FFFFFFFFFFFFFFFFFFFFFFFFFFFFFFFF9A
:10067000FFFFFFFFFFFFFFFFFFFFFFFFFFFFFFFF8A
:10068000FFFFFFFFFFFFFFFFFFFFFFFFFFFFFFFF7A
:10069000FFFFFFFFFFFFFFFFFFFFFFFFFFFFFFFF6A
:1006A000FFFFFFFFFFFFFFFFFFFFFFFFFFFFFFFF5A
:1006B000FFFFFFFFFFFFFFFFFFFFFFFFFFFFFFFF4A
:1006C000FFFFFFFFFFFFFFFFFFFFFFFFFFFFFFFF3A
:1006D000FFFFFFFFFFFFFFFFFFFFFFFFFFFFFFFF2A
:1006E000FFFFFFFFFFFFFFFFFFFFFFFFFFFFFFFF1A
:1006F000FFFFFFFFFFFFFFFFFFFFFFFFFFFFFFFF0A
:10070000FFFFFFFFFFFFFFFFFFFFFFFFFFFFFFFFF9
:10071000FFFFFFFFFFFFFFFFFFFFFFFFFFFFFFFFE9
:10072000FFFFFFFFFFFFFFFFFFFFFFFFFFFFFFFFD9
:10073000FFFFFFFFFFFFFFFFFFFFFFFFFFFFFFFFC9
:10074000FFFFFFFFFFFFFFFFFFFFFFFFFFFFFFFFB9
:10075000FFFFFFFFFFFFFFFFFFFFFFFFFFFFFFFFA9
:10076000FFFFFFFFFFFFFFFFFFFFFFFFFFFFFFFF99
:10077000FFFFFFFFFFFFFFFFFFFFFFFFFFFFFFFF89
:10078000FFFFFFFFFFFFFFFFFFFFFFFFFFFFFFFF79
:10079000FFFFFFFFFFFFFFFFFFFFFFFFFFFFFFFF69
:1007A000FFFFFFFFFFFFFFFFFFFFFFFFFFFFFFFF59
:1007B000FFFFFFFFFFFFFFFFFFFFFFFFFFFFFFFF49
:1007C000FFFFFFFFFFFFFFFFFFFFFFFFFFFFFFFF39
:1007D000FFFFFFFFFFFFFFFFFFFFFFFFFFFFFFFF29
:1007E000FFFFFFFFFFFFFFFFFFFFFFFFFFFFFFFF19
:1007F000FFFFFFFFFFFFFFFFFFFFFFFFFFFFFFFF09
:10080000FFFFFFFFFFFFFFFFFFFFFFFFFFFFFFFFF8
:10081000FFFFFFFFFFFFFFFFFFFFFFFFFFFFFFFFE8
:10082000FFFFFFFFFFFFFFFFFFFFFFFFFFFFFFFFD8
:10083000FFFFFFFFFFFFFFFFFFFFFFFFFFFFFFFFC8
:10084000FFFFFFFFFFFFFFFFFFFFFFFFFFFFFFFFB8
:10085000FFFFFFFFFFFFFFFFFFFFFFFFFFFFFFFFA8
:10086000FFFFFFFFFFFFFFFFFFFFFFFFFFFFFFFF98
:10087000FFFFFFFFFFFFFFFFFFFFFFFFFFFFFFFF88
:10088000FFFFFFFFFFFFFFFFFFFFFFFFFFFFFFFF78
:10089000FFFFFFFFFFFFFFFFFFFFFFFFFFFFFFFF68
:1008A000FFFFFFFFFFFFFFFFFFFFFFFFFFFFFFFF58
:1008B000FFFFFFFFFFFFFFFFFFFFFFFFFFFFFFFF48
:1008C000FFFFFFFFFFFFFFFFFFFFFFFFFFFFFFFF38
:1008D000FFFFFFFFFFFFFFFFFFFFFFFFFFFFFFFF28
:1008E000FFFFFFFFFFFFFFFFFFFFFFFFFFFFFFFF18
:1008F000FFFFFFFFFFFFFFFFFFFFFFFFFFFFFFFF08
:10090000FFFFFFFFFFFFFFFFFFFFFFFFFFFFFFFFF7
:10091000FFFFFFFFFFFFFFFFFFFFFFFFFFFFFFFFE7
:10092000FFFFFFFFFFFFFFFFFFFFFFFFFFFFFFFFD7
:10093000FFFFFFFFFFFFFFFFFFFFFFFFFFFFFFFFC7
:10094000FFFFFFFFFFFFFFFFFFFFFFFFFFFFFFFFB7
:10095000FFFFFFFFFFFFFFFFFFFFFFFFFFFFFFFFA7
:10096000FFFFFFFFFFFFFFFFFFFFFFFFFFFFFFFF97
:10097000FFFFFFFFFFFFFFFFFFFFFFFFFFFFFFFF87
:10098000FFFFFFFFFFFFFFFFFFFFFFFFFFFFFFFF77
:10099000FFFFFFFFFFFFFFFFFFFFFFFFFFFFFFFF67
:1009A000FFFFFFFFFFFFFFFFFFFFFFFFFFFFFFFF57
:1009B000FFFFFFFFFFFFFFFFFFFFFFFFFFFFFFFF47
:1009C000FFFFFFFFFFFFFFFFFFFFFFFFFFFFFFFF37
:1009D000FFFFFFFFFFFFFFFFFFFFFFFFFFFFFFFF27
:1009E000FFFFFFFFFFFFFFFFFFFFFFFFFFFFFFFF17
:1009F000FFFFFFFFFFFFFFFFFFFFFFFFFFFFFFFF07
:100A0000FFFFFFFFFFFFFFFFFFFFFFFFFFFFFFFFF6
:100A1000FFFFFFFFFFFFFFFFFFFFFFFFFFFFFFFFE6
:100A2000FFFFFFFFFFFFFFFFFFFFFFFFFFFFFFFFD6
:100A3000FFFFFFFFFFFFFFFFFFFFFFFFFFFFFFFFC6
:100A4000FFFFFFFFFFFFFFFFFFFFFFFFFFFFFFFFB6
:100A5000FFFFFFFFFFFFFFFFFFFFFFFFFFFFFFFFA6
:100A6000FFFFFFFFFFFFFFFFFFFFFFFFFFFFFFFF96
:100A7000FFFFFFFFFFFFFFFFFFFFFFFFFFFFFFFF86
:100A8000FFFFFFFFFFFFFFFFFFFFFFFFFFFFFFFF76
:100A9000FFFFFFFFFFFFFFFFFFFFFFFFFFFFFFFF66
:100AA000FFFFFFFFFFFFFFFFFFFFFFFFFFFFFFFF56
:100AB000FFFFFFFFFFFFFFFFFFFFFFFFFFFFFFFF46
:100AC000FFFFFFFFFFFFFFFFFFFFFFFFFFFFFFFF36
:100AD000FFFFFFFFFFFFFFFFFFFFFFFFFFFFFFFF26
:100AE000FFFFFFFFFFFFFFFFFFFFFFFFFFFFFFFF16
:100AF000FFFFFFFFFFFFFFFFFFFFFFFFFFFFFFFF06
:100B0000FFFFFFFFFFFFFFFFFFFFFFFFFFFFFFFFF5
:100B1000FFFFFFFFFFFFFFFFFFFFFFFFFFFFFFFFE5
:100B2000FFFFFFFFFFFFFFFFFFFFFFFFFFFFFFFFD5
:100B3000FFFFFFFFFFFFFFFFFFFFFFFFFFFFFFFFC5
:100B4000FFFFFFFFFFFFFFFFFFFFFFFFFFFFFFFFB5
:100B5000FFFFFFFFFFFFFFFFFFFFFFFFFFFFFFFFA5
:100B6000FFFFFFFFFFFFFFFFFFFFFFFFFFFFFFFF95
:100B7000FFFFFFFFFFFFFFFFFFFFFFFFFFFFFFFF85
:100B8000FFFFFFFFFFFFFFFFFFFFFFFFFFFFFFFF75
:100B9000FFFFFFFFFFFFFFFFFFFFFFFFFFFFFFFF65
:100BA000FFFFFFFFFFFFFFFFFFFFFFFFFFFFFFFF55
:100BB000FFFFFFFFFFFFFFFFFFFFFFFFFFFFFFFF45
:100BC000FFFFFFFFFFFFFFFFFFFFFFFFFFFFFFFF35
:100BD000FFFFFFFFFFFFFFFFFFFFFFFFFFFFFFFF25
:100BE000FFFFFFFFFFFFFFFFFFFFFFFFFFFFFFFF15
:100BF000FFFFFFFFFFFFFFFFFFFFFFFFFFFFFFFF05
:100C0000FFFFFFFFFFFFFFFFFFFFFFFFFFFFFFFFF4
:100C1000FFFFFFFFFFFFFFFFFFFFFFFFFFFFFFFFE4
:100C2000FFFFFFFFFFFFFFFFFFFFFFFFFFFFFFFFD4
:100C3000FFFFFFFFFFFFFFFFFFFFFFFFFFFFFFFFC4
:100C4000FFFFFFFFFFFFFFFFFFFFFFFFFFFFFFFFB4
:100C5000FFFFFFFFFFFFFFFFFFFFFFFFFFFFFFFFA4
:100C6000FFFFFFFFFFFFFFFFFFFFFFFFFFFFFFFF94
:100C7000FFFFFFFFFFFFFFFFFFFFFFFFFFFFFFFF84
:100C8000FFFFFFFFFFFFFFFFFFFFFFFFFFFFFFFF74
:100C9000FFFFFFFFFFFFFFFFFFFFFFFFFFFFFFFF64
:100CA000FFFFFFFFFFFFFFFFFFFFFFFFFFFFFFFF54
:100CB000FFFFFFFFFFFFFFFFFFFFFFFFFFFFFFFF44
:100CC000FFFFFFFFFFFFFFFFFFFFFFFFFFFFFFFF34
:100CD000FFFFFFFFFFFFFFFFFFFFFFFFFFFFFFFF24
:100CE000FFFFFFFFFFFFFFFFFFFFFFFFFFFFFFFF14
:100CF000FFFFFFFFFFFFFFFFFFFFFFFFFFFFFFFF04
:100D0000FFFFFFFFFFFFFFFFFFFFFFFFFFFFFFFFF3
:100D1000FFFFFFFFFFFFFFFFFFFFFFFFFFFFFFFFE3
:100D2000FFFFFFFFFFFFFFFFFFFFFFFFFFFFFFFFD3
:100D3000FFFFFFFFFFFFFFFFFFFFFFFFFFFFFFFFC3
:100D4000FFFFFFFFFFFFFFFFFFFFFFFFFFFFFFFFB3
:100D5000FFFFFFFFFFFFFFFFFFFFFFFFFFFFFFFFA3
:100D6000FFFFFFFFFFFFFFFFFFFFFFFFFFFFFFFF93
:100D7000FFFFFFFFFFFFFFFFFFFFFFFFFFFFFFFF83
:100D8000FFFFFFFFFFFFFFFFFFFFFFFFFFFFFFFF73
:100D9000FFFFFFFFFFFFFFFFFFFFFFFFFFFFFFFF63
:100DA000FFFFFFFFFFFFFFFFFFFFFFFFFFFFFFFF53
:100DB000FFFFFFFFFFFFFFFFFFFFFFFFFFFFFFFF43
:100DC000FFFFFFFFFFFFFFFFFFFFFFFFFFFFFFFF33
:100DD000FFFFFFFFFFFFFFFFFFFFFFFFFFFFFFFF23
:100DE000FFFFFFFFFFFFFFFFFFFFFFFFFFFFFFFF13
:100DF000FFFFFFFFFFFFFFFFFFFFFFFFFFFFFFFF03
:100E0000FFFFFFFFFFFFFFFFFFFFFFFFFFFFFFFFF2
:100E1000FFFFFFFFFFFFFFFFFFFFFFFFFFFFFFFFE2
:100E2000FFFFFFFFFFFFFFFFFFFFFFFFFFFFFFFFD2
:100E3000FFFFFFFFFFFFFFFFFFFFFFFFFFFFFFFFC2
:100E4000FFFFFFFFFFFFFFFFFFFFFFFFFFFFFFFFB2
:100E5000FFFFFFFFFFFFFFFFFFFFFFFFFFFFFFFFA2
:100E6000FFFFFFFFFFFFFFFFFFFFFFFFFFFFFFFF92
:100E7000FFFFFFFFFFFFFFFFFFFFFFFFFFFFFFFF82
:100E8000FFFFFFFFFFFFFFFFFFFFFFFFFFFFFFFF72
:100E9000FFFFFFFFFFFFFFFFFFFFFFFFFFFFFFFF62
:100EA000FFFFFFFFFFFFFFFFFFFFFFFFFFFFFFFF52
:100EB000FFFFFFFFFFFFFFFFFFFFFFFFFFFFFFFF42
:100EC000FFFFFFFFFFFFFFFFFFFFFFFFFFFFFFFF32
:100ED000FFFFFFFFFFFFFFFFFFFFFFFFFFFFFFFF22
:100EE000FFFFFFFFFFFFFFFFFFFFFFFFFFFFFFFF12
:100EF000FFFFFFFFFFFFFFFFFFFFFFFFFFFFFFFF02
:100F0000FFFFFFFFFFFFFFFFFFFFFFFFFFFFFFFFF1
:100F1000FFFFFFFFFFFFFFFFFFFFFFFFFFFFFFFFE1
:100F2000FFFFFFFFFFFFFFFFFFFFFFFFFFFFFFFFD1
:100F3000FFFFFFFFFFFFFFFFFFFFFFFFFFFFFFFFC1
:100F4000FFFFFFFFFFFFFFFFFFFFFFFFFFFFFFFFB1
:100F5000FFFFFFFFFFFFFFFFFFFFFFFFFFFFFFFFA1
:100F6000FFFFFFFFFFFFFFFFFFFFFFFFFFFFFFFF91
:100F7000FFFFFFFFFFFFFFFFFFFFFFFFFFFFFFFF81
:100F8000FFFFFFFFFFFFFFFFFFFFFFFFFFFFFFFF71
:100F9000FFFFFFFFFFFFFFFFFFFFFFFFFFFFFFFF61
:100FA000FFFFFFFFFFFFFFFFFFFFFFFFFFFFFFFF51
:100FB000FFFFFFFFFFFFFFFFFFFFFFFFFFFFFFFF41
:100FC000FFFFFFFFFFFFFFFFFFFFFFFFFFFFFFFF31
:100FD000FFFFFFFFFFFFFFFFFFFFFFFFFFFFFFFF21
:100FE000FFFFFFFFFFFFFFFFFFFFFFFFFFFFFFFF11
:100FF000FFFFFFFFFFFFFFFFFFFFFFFFFFFFFFFF01
:10100000D1002043F1150060000000000000000046
:10101000201000600010006000DC00600000000094
:101020000000006000E8000000000000FFFFFFFF7C
:10103000FFFFFFFFFFFFFFFFFFFFFFFFFFFFFFFFC0
:10104000FFFFFFFFFFFFFFFFFFFFFFFFFFFFFFFFB0
:10105000FFFFFFFFFFFFFFFFFFFFFFFFFFFFFFFFA0
:10106000FFFFFFFFFFFFFFFFFFFFFFFFFFFFFFFF90
:10107000FFFFFFFFFFFFFFFFFFFFFFFFFFFFFFFF80
:10108000FFFFFFFFFFFFFFFFFFFFFFFFFFFFFFFF70
:10109000FFFFFFFFFFFFFFFFFFFFFFFFFFFFFFFF60
:1010A000FFFFFFFFFFFFFFFFFFFFFFFFFFFFFFFF50
:1010B000FFFFFFFFFFFFFFFFFFFFFFFFFFFFFFFF40
:1010C000FFFFFFFFFFFFFFFFFFFFFFFFFFFFFFFF30
:1010D000FFFFFFFFFFFFFFFFFFFFFFFFFFFFFFFF20
:1010E000FFFFFFFFFFFFFFFFFFFFFFFFFFFFFFFF10
:1010F000FFFFFFFFFFFFFFFFFFFFFFFFFFFFFFFF00
:10110000FFFFFFFFFFFFFFFFFFFFFFFFFFFFFFFFEF
:10111000FFFFFFFFFFFFFFFFFFFFFFFFFFFFFFFFDF
:10112000FFFFFFFFFFFFFFFFFFFFFFFFFFFFFFFFCF
:10113000FFFFFFFFFFFFFFFFFFFFFFFFFFFFFFFFBF
:10114000FFFFFFFFFFFFFFFFFFFFFFFFFFFFFFFFAF
:10115000FFFFFFFFFFFFFFFFFFFFFFFFFFFFFFFF9F
:10116000FFFFFFFFFFFFFFFFFFFFFFFFFFFFFFFF8F
:10117000FFFFFFFFFFFFFFFFFFFFFFFFFFFFFFFF7F
:10118000FFFFFFFFFFFFFFFFFFFFFFFFFFFFFFFF6F
:10119000FFFFFFFFFFFFFFFFFFFFFFFFFFFFFFFF5F
:1011A000FFFFFFFFFFFFFFFFFFFFFFFFFFFFFFFF4F
:1011B000FFFFFFFFFFFFFFFFFFFFFFFFFFFFFFFF3F
:1011C000FFFFFFFFFFFFFFFFFFFFFFFFFFFFFFFF2F
:1011D000FFFFFFFFFFFFFFFFFFFFFFFFFFFFFFFF1F
:1011E000FFFFFFFFFFFFFFFFFFFFFFFFFFFFFFFF0F
:1011F000FFFFFFFFFFFFFFFFFFFFFFFFFFFFFFFFFF
:10120000FFFFFFFFFFFFFFFFFFFFFFFFFFFFFFFFEE
:10121000FFFFFFFFFFFFFFFFFFFFFFFFFFFFFFFFDE
:10122000FFFFFFFFFFFFFFFFFFFFFFFFFFFFFFFFCE
:10123000FFFFFFFFFFFFFFFFFFFFFFFFFFFFFFFFBE
:10124000FFFFFFFFFFFFFFFFFFFFFFFFFFFFFFFFAE
:10125000FFFFFFFFFFFFFFFFFFFFFFFFFFFFFFFF9E
:10126000FFFFFFFFFFFFFFFFFFFFFFFFFFFFFFFF8E
:10127000FFFFFFFFFFFFFFFFFFFFFFFFFFFFFFFF7E
:10128000FFFFFFFFFFFFFFFFFFFFFFFFFFFFFFFF6E
:10129000FFFFFFFFFFFFFFFFFFFFFFFFFFFFFFFF5E
:1012A000FFFFFFFFFFFFFFFFFFFFFFFFFFFFFFFF4E
:1012B000FFFFFFFFFFFFFFFFFFFFFFFFFFFFFFFF3E
:1012C000FFFFFFFFFFFFFFFFFFFFFFFFFFFFFFFF2E
:1012D000FFFFFFFFFFFFFFFFFFFFFFFFFFFFFFFF1E
:1012E000FFFFFFFFFFFFFFFFFFFFFFFFFFFFFFFF0E
:1012F000FFFFFFFFFFFFFFFFFFFFFFFFFFFFFFFFFE
:10130000FFFFFFFFFFFFFFFFFFFFFFFFFFFFFFFFED
:10131000FFFFFFFFFFFFFFFFFFFFFFFFFFFFFFFFDD
:10132000FFFFFFFFFFFFFFFFFFFFFFFFFFFFFFFFCD
:10133000FFFFFFFFFFFFFFFFFFFFFFFFFFFFFFFFBD
:10134000FFFFFFFFFFFFFFFFFFFFFFFFFFFFFFFFAD
:10135000FFFFFFFFFFFFFFFFFFFFFFFFFFFFFFFF9D
:10136000FFFFFFFFFFFFFFFFFFFFFFFFFFFFFFFF8D
:10137000FFFFFFFFFFFFFFFFFFFFFFFFFFFFFFFF7D
:10138000FFFFFFFFFFFFFFFFFFFFFFFFFFFFFFFF6D
:10139000FFFFFFFFFFFFFFFFFFFFFFFFFFFFFFFF5D
:1013A000FFFFFFFFFFFFFFFFFFFFFFFFFFFFFFFF4D
:1013B000FFFFFFFFFFFFFFFFFFFFFFFFFFFFFFFF3D
:1013C000FFFFFFFFFFFFFFFFFFFFFFFFFFFFFFFF2D
:1013D000FFFFFFFFFFFFFFFFFFFFFFFFFFFFFFFF1D
:1013E000FFFFFFFFFFFFFFFFFFFFFFFFFFFFFFFF0D
:1013F000FFFFFFFFFFFFFFFFFFFFFFFFFFFFFFFFFD
:10140000824205D051F8043B40F8043B8242F9D8AF
:10141000704700BF044A05494FF0000342F8043BFF
:101420009142FBD8704700BFC0160020E021002089
:1014300008B5BFF34F8F00F047F9544C544B0820C8
:101440005449C3F85401544AC3F800115348C3F82F
:10145000F0405349FFF7D4FF524A53495348FFF72E
:10146000CFFF534CFFF7D6FF4FF470004FF0E02151
:101470000023504AC1F8880D44F823200133B02BD3
:10148000FAD14D4B80214D4A03F8011B9342FBD109
:101490004FF0E0254A4E4B4A4FF0FF31C5F8084D5A
:1014A000D5F8243D43F4E023C5F8243DF36923F047
:1014B0007F0343F04003F361736A23F07F0343F03B
:1014C000400373629166D1661167516700F004F9B9
:1014D0003D4A3E4BA2636322E36300246A61032317
:1014E0003B4AAC612B61C5F8202DD5F8FC2D394B5A
:1014F00042F080723849C5F8FC2D1A6842F00102AA
:101500001A605B680B6000F0B7FA344800F05CFCCE
:10151000F16E334B334A41F44051F1661C60C3F81D
:101520000841C3F81841C3F82841C3F83841936B08
:10153000DB0708D442F615632B4951651365936B9D
:1015400043F001039363274A284C936843F0011347
:10155000936000F04FF900F0FBFB00F039FC00F065
:10156000BDFA00F0B3F82368132BFCD900F052FB4E
:101570002368B3F5967FFBD300F0ACF800F0A8F831
:1015800000F01AFC00F02CFC30BFFDE70C0D11132D
:1015900000800D401B101820E882000000000000B1
:1015A000D83E0060C0160020C4C1006000000020CA
:1015B00000140020B567000000E400E0A0E400E0B3
:1015C00000C00F4000C00A40696300006D63000066
:1015D00000002020001000E0642100200046C3230A
:1015E0000040084000400D400000C0566821002027
:1015F000054B4FF42A01054A05485A641864054A08
:1016000099639546FFF714FF00C00A40AFAAAAAA43
:101610000700200000000720294A00210123C2F80A
:10162000A000C2F8A410C2F8B0305369D907FCD5A5
:1016300001234FF4803C22495361C2F8A000C2F854
:10164000A4C0C2F8B0304B69DB07FCD501234FF4CE
:10165000003C1B4A4B61C1F8A000C1F8A4C0C1F80E
:10166000B0305369D907FCD50123DFF858C01449BD
:101670005361C2F8A000C2F8A4C0C2F8B0304B69F0
:10168000DB07FCD5D1F8003145F60D504FF0210CA9
:101690009AB2C1F814C0824210D045F69D518A42D8
:1016A0000AD1C3F34253032B08D0A3F10403B3FAC6
:1016B00083F35B09180170470020704708207047CA
:1016C00000402A4004000300704700BF704700BF7D
:1016D000704700BF00BF70474FF0E02300214FF07C
:1016E000100C3448C3F8941DC3F89CCD4FF0110C76
:1016F000C3F8A00D3048C3F89CCD4FF0120CC3F8CE
:10170000A00D2E48C3F89CCD2D4AC3F8A00DDFF8DC
:10171000D0C042F015022B48C3F89CCDC3F8A00DF1
:10172000DFF8C0C02848C3F89CCDC3F8A00DDFF88F
:10173000B8C0C3F89C2D2548254AC3F8A0CDC3F8EE
:101740009C0DC3F8A02D02F5A022DFF8A0C00C323A
:101750002048C3F89CCDC3F8A02D1F4AC3F89C0DA8
:10176000C3F8A02D02F14062DFF884C002321B48AA
:10177000C3F89CCDC3F8A02D0A32C3F89C0DC3F862
:10178000A02D00BF00BF00BF00BF00BF0122C3F8F3
:10179000942DBFF34F8FBFF36F8FC3F8501FBFF36C
:1017A0004F8FBFF36F8FD3F8142D42F44032C3F83C
:1017B000142D70473F000010250008070900100095
:1017C000E021002021000207250008131600202038
:1017D00027000B13180000602F000B071A00008071
:1017E0001300200014000020090000101700004022
:1017F0001900007030B5864B85B0DFF874E218220E
:10180000844D0120C3F85CE28349C3F86052A5F51A
:101810008055DFF860C2814CC3F864E2C3F86852B7
:101820002125C3F86CC2C3F870C2C3F874C2C3F8F0
:1018300078C248F20C7CDA661A675A679A67DA67E8
:10184000C3F88020C3F88420C3F88820C1F82C0393
:10185000734AC1F83003C1F83403C1F83803C1F842
:101860003C03C1F85003A1696E4B0A406E486F49B2
:1018700013436F4AA361D4F8843043F00C03C4F8D7
:1018800084304FF0FF34036843F0020303600368C1
:1018900003EA0C031A43674B026044608A68664C93
:1018A0001340664A43F000538360C36823F0780313
:1018B000C360036A23401A43604B0262026A2240FB
:1018C0005F4C1343002243628462C46240F20564A9
:1018D000D1F8B83023F03F0343F00103C0F8B8302B
:1018E000D1F8BC30574923F03F0343F00103C0F85F
:1018F000BC3002610567C0F880404567C0F884408D
:101900000224036823F00203036081614E4B4F49B8
:10191000C46143F8042B8B42FBD1434C236843F052
:1019200001032360256815F00105FBD1454802221B
:1019300040F2F561A06140F29940E26140F26642F6
:10194000C4F8001242F20141C4F81022404AC4F81F
:101950002002C4F8302240F23542C4F834123D4827
:10196000C4F840223C4AC4F850022846C4F8542225
:1019700042F201223949C4F86012C4F86422FFF728
:101980004BFE0246002839D0810201234FF480200B
:1019900021662549C4F8A050C4F8A400C4F8B030AA
:1019A0004B69D807FCD515050124039228464C61E4
:1019B000FFF732FE039A2A4B0244D2B21A7080B16A
:1019C000194980024FF4802348660846C1F8A050A8
:1019D000C1F8A430C1F8B0404369DB07FCD501234E
:1019E000436120490024204801230094401A00EB61
:1019F00002521E4800F0DCF905B030BD1B4B1849FF
:101A000018600870D860C3E9010005B030BD00BFA0
:101A100000801F40F910010000841F4000C00F40EB
:101A2000FFFCFF1F0003008000402A4000802A4086
:101A30001200FFFFFF37F70000FFF07C400000803E
:101A4000FF000F83F05AF05A00422A4000432A4018
:101A50009F041830EB06180A063201263806180AC9
:101A6000932100200000007000000070E0200020A2
:101A7000F9B00100F970010010B5174A4FF4805415
:101A80004FF4005E4FF4404C4FF4803043F242017B
:101A9000136913F0020F0DD113F4005F0FD013F48C
:101AA000805F0FD0002BF3DA13F4803F0CD15B067C
:101AB0000ED510BDC2F818C050619161E8E7C2F8B8
:101AC00014E0E5E75461E3E74FF480339361DFE727
:101AD00040235361DCE700BF00800D40414A0320F2
:101AE0004149F3EE095AD2F880309FED406A23F065
:101AF00001039FED3F5ADFF814C100B5C2F88030F2
:101B0000C2F89000D1F8E010DFF804E1CBB2394818
:101B1000CEF8003007EE903A0B0DC1F30B21F8EE32
:101B2000E77A06EE903A07EE101A334BB8EEC77A12
:101B3000CCF80010F8EEE66A304937EEC66A37EEA8
:101B4000C55A76EEC76A77EEE57A26EE266AC3EDC9
:101B5000006A25EE265AD2F8803067EEA64AC0ED1C
:101B6000007AC6EE275A264885EE276AC4EEA76A91
:101B700075EE875AFCEEE55A36EE076A15EE90CA06
:101B8000BCEEC66A43EA0C5376EE877AC2F8803020
:101B900016EE103AD2F890C1FCEEE77A01EA034162
:101BA00041EA0C014FF0000C17EE903AC2F8901188
:101BB000C3F30B03D2F890110B431249C2F89031D2
:101BC000D2F8803043F00203C2F880300E4B80F828
:101BD00040C0C1F840314FF0E0230122C3F8082192
:101BE00000BD00BF00810D4000441F400000AA421C
:101BF0000000B442582100205C2100200000FF0FAB
:101C000000E400E0001400203D69000050210020A5
:101C100054210020314B40F6617210B5C3F82021E9
:101C200040F2044400F0E0F82D4A2E49D2F880300A
:101C30002D4843F00303C2F880302C4BC1F86041BB
:101C400002681A4203D1D1F8A8319A071BD0254A5D
:101C50004FF00041244B5963D2F8403143F0020366
:101C6000C2F84031D2F840319B07FBD44FF400302A
:101C70004FF0E0211C4B4FF00042C1F88C021920BC
:101C80009A6300F0A9F8184B0021164C4FF08042DF
:101C90000A209A634FF420721960C4F8A80114480E
:101CA00000F08EF84FF4800203464FF4810040F2BA
:101CB00043111860C4F858311A640E4B0E4AC4F828
:101CC0004811C3F804224FF0E0224FF40031012301
:101CD000C2F80C11C4F8403110BD00BF00800D40A7
:101CE00000C00F4000002E4000900D40001C1E0060
:101CF0000000002000140020416B000008B50E4BCE
:101D00001B6E9B0700D4FBBE72B60C4B00200C4A26
:101D1000C3F8400103F160430A49A3F55F2311644E
:101D20009D46BFF34F8F4FF40013074A0748DB6906
:101D300002609B68984700BF00441F4000002E408F
:101D400000C00A4003002000000012EB00802020A9
:101D50000F4B40F2376C0F4AA020D96E41F440314E
:101D6000D966D96E41F44071D966C2F844C0906416
:101D7000936C1B06FCD4084A40F23761A0235164DF
:101D80009364936C13F08003FBD1044A1370704783
:101D900000C00F4000400C4000800C40902100200B
:101DA000F8B500BFF8BC08BC9E46704700000000B4
:101DB0005FF800F05D8000005FF800F0F581000042
:101DC0005FF800F0F58000005FF800F0717B000024
:101DD0005FF800F0F97E00005FF800F09564000005
:101DE0005FF800F0096600005FF800F0AD720000D7
:101DF00045000000E90500000907000099090000FE
:041E00004164000039
:101E04000000080008000000000008140800EC00AE
:101E140014000A140A00EC00280010131000ED004E
:101E24003B0010191000EA00540019141900EC00CA
:101E3400680013141300EC007C0006140600EC0088
:101E44009000091A0900EC00AA00091A0900EC0024
:101E5400C4000B140B00EC00D800100F1000F100AC
:101E6400E70008070800FD00EE0009090900F70073
:101E7400F70008020800FE00F9000A1408FFEC004D
:101E84000D0110141000EC00210110141000EC00DE
:101E9400350110141000EC00490110141000EC007E
:101EA4005D0110141000EC00710110131000ED001E
:101EB400840110141000EC00980110131000ED00C0
:101EC400AB0110141000EC00BF0110141000EC0062
:101ED400D301080E0800F200E10108120800F20024
:101EE400F301100E1000F2000102100B1000F500B7
:101EF4000C02100E1000F2001A0210141000EC0074
:101F04002E021C141C00EC00420213141300EC00FB
:101F1400560213141300EC006A0214141400EC00AB
:101F24007E0214141400EC00920213141300EC004B
:101F3400A60211141100EC00BA0216141600EC00EB
:101F4400CE0214141400EC00E20208140800EC00A1
:101F5400F6020E140E00EC000A0313141300EC0036
:101F64001E0310141000EC00320317141700EC00C9
:101F7400460314141400EC005A0316141600EC0063
:101F84006E0313141300EC00820316161600EC0003
:101F9400980314141400EC00AC0313141300EC00A5
:101FA400C00311141100EC00D40314141400EC0049
:101FB400E80313141300EC00FC031A141A00EC00D9
:101FC400100413141300EC00240413141300EC0085
:101FD400380411141100EC004C04081A0800EC0039
:101FE40066040A1408FFEC007A04081A0800EC00DE
:101FF40094040F130DFFED00A7041003100000005C
:10200400AA0409140900EC00BE04100F1000F1002A
:10201400CD0410141000EC00E1040E0F0E00F100CA
:10202400F00410141000EC000405100F1000F1006F
:10203400130508140800EC00270510151000F10022
:102044003C0510141000EC00500506140600EC00CA
:102054006405071A06FFEC007E050E140E00EC0062
:10206400920506140600EC00A605170F1700F100F0
:10207400B505100F1000F100C405100F1000F10099
:10208400D30510151000F100E80510151000F1003B
:10209400FD050A0F0900F1000C060E0F0E00F100F9
:1020A4001B0608140800EC002F06100F1000F100A6
:1020B4003E060E0F0E00F1004D06140F1400F10041
:1020C4005C060E0F0E00F1006B060E150E00F100FB
:1020D40080060E0F0E00F1008F06091A0900EC00AD
:1020E400A90607140700EC00BD06091A0900EC0054
:1020F400D706100A1000F6001C0000001C000000A7
:102104001C0000001C0000001C0000001C0000005B
:102114001C0000001C000000180000001800000053
:10212400180000001800000018000000180000004B
:102134001800000000000000000000000000000083
:102144001C0000001C000000CC000000CC000000BB
:10215400CC000000CC000000CC000000CC0000004B
:10216400CC0000000000000000000000000000009F
:10217400000000000000000000000000000000005B
:10218400000000000000000000000000000000004B
:10219400000000000000000060180000601800004B
:1021A400601C0000600C0000600C0000600C00006B
:1021B400FC7F0000FE7F0000300C000030060000B1
:1021C40030060000FE3F0000FE3F0000380600001D
:1021D4001806000018060000180700001803000085
:1021E400180300008000000080000000F0070000D9
:1021F400F81F00009C3C00008C3800008E38000062
:102204008E0000008E0000009C000000FC01000015
:10221400F8070000E00F0000803D00008038000057
:1022240080700000867000008E7000008E38000000
:102234009E3D0000FC3F0000F81F0000F007000076
:10224400800000008000000000000600F000030091
:10225400FC0301008C8301000687000006C7000010
:10226400066700008C630000FC330000F0300000BF
:1022740000181E0000883F00008C7F0000C4F3009B
:1022840000C6E10000C3E00000C3C000808161001B
:1022940080813300C0001E00C0070000E00F000072
:1022A400701C0000301C0000301C0000701C00007A
:1022B400700E0000E00F0000E0070000F0030000D3
:1022C400F80300003CC700000EEE00000EFC000006
:1022D4000E7C00000E7800000E7800003CFE00002A
:1022E400F8CF0100F0C703000E0000000E0000004C
:1022F4000E00000008000000080000000C000000B0
:1023040006000000000000000000000000000000C3
:1023140000000000000000000000000000000000B9
:1023240000000000000000000000000000000000A9
:102334000000000000000000C0000000E0000000F9
:102344006000000070000000300000003800000051
:1023540038000000180000001C0000001C000000F1
:102364001C0000001C0000001C0000001C000000F9
:102374001C0000001C0000001C0000001C000000E9
:102384001800000038000000380000003000000091
:102394007000000060000000C0000000C0000000E9
:1023A400060000000C0000000C0000001C000000EF
:1023B4001800000038000000300000007000000029
:1023C4007000000070000000700000006000000059
:1023D4006000000060000000600000007000000069
:1023E4007000000070000000700000003000000069
:1023F4003800000018000000180000000C00000065
:102404000C00000006000000300000003000000056
:1024140036010000FE03000070000000F800000018
:10242400DC00000088000000000000000000000044
:102434000000000000000000000000000000000098
:102444000000000000000000000000000000000088
:1024540000000000000000000000000080010000F7
:102464008001000080010000800100008001000064
:1024740080010000FE7F0000FE7F0000800100005C
:102484008001000080010000800100008001000044
:10249400800100001C0000001C0000001C00000063
:1024A4001000000010000000180000000C000000E4
:1024B400FE000000FE00000000000000000000001C
:1024C4000000000000000000000000000000000008
:1024D400000000003C0000003C00000080010000FF
:1024E40080010000C0010000C0000000C000000026
:1024F4006000000060000000600000003000000088
:102504003000000030000000180000001800000037
:10251400180000000C0000000C0000000C0000007B
:10252400060000000600000006000000E0030000B2
:10253400F00F0000381E00001C1C00001C380000B6
:102544000E3800000E3800000E3000000E7000003F
:102554000E7000000E7000000E7000000E300000BF
:102564000E3800000E3800001C3800001C1C00004F
:10257400381E0000F00F0000E0030000000300001C
:102584000003000080030000E0030000F8030000E3
:10259400F8030000800300008003000080030000B3
:1025A400800300008003000080030000800300001B
:1025B400800300008003000080030000800300000B
:1025C400800300008003000080030000E007000097
:1025D400F80F00003C1C00001C3800000E380000FE
:1025E4000E3800000E38000000380000003C0000E7
:1025F400001E0000801F0000C0070000F003000060
:10260400F80000007C0000001C0000000E00000028
:102614000E000000FE3F0000FE3F0000E007000047
:10262400F80F0000381E00001C3C00000C380000AD
:102634000E3800000E38000000180000001E0000D4
:10264400C00F0000C01F0000003C00000038000064
:10265400007000000E7000000E7000000E380000C4
:102664003C1E0000F80F0000F0070000000E000000
:10267400000F0000000F0000800F0000C00F0000DA
:10268400C00E0000E00E0000700E0000380E0000C6
:10269400380E00001C0E00000E0E0000060E000096
:1026A400FE7F0000FE7F0000000E0000000E000010
:1026B400000E0000000E0000000E0000F81F0000D5
:1026C400F81F0000180000001C0000001C0000009F
:1026D4000C000000EC070000FC0F00003C1E000092
:1026E4000C3800000038000000300000003000000A
:1026F400003000000E3800000E3800003C1E0000C0
:10270400F80F0000F0070000C0070000F01F0000F1
:10271400781C00003C3800001C3800001C0000003D
:102724000E0000000E000000CE070000FE1F000097
:102734003E3C00001E3800000E3000000E70000009
:102744000E7000000C3000001C380000381C000023
:10275400F01F0000E0070000FE7F0000FE7F000085
:102764000038000000380000001C0000000E0000CB
:10277400000E00000007000080030000800300003A
:10278400C0010000C0010000C0010000E000000022
:10279400E0000000F0000000700000007000000085
:1027A40070000000E0070000F80F00003C1E00006D
:1027B4001C3800001C3800000C3800001C380000D5
:1027C4001C1C0000380E0000F80F0000FC1F000065
:1027D4003E3C00000E3800000E7000000E70000039
:1027E4000E3000001E3800003C1C0000F80F0000F2
:1027F400E0070000E0030000F80F00003C1E0000AA
:102804001C1C00000E3800000E3800000E380000BA
:102814000E3800000E7800001C3800003C3E00001A
:10282400F83F0000E03300000038000000380000EA
:102834000E1800000E1C00003C0E0000F8070000FB
:10284400F00300001C0000001C0000000000000059
:102854000000000000000000000000000000000074
:102864000000000000000000000000000000000064
:10287400000000001C0000001C0000001C00000000
:102884001C00000000000000000000000000000028
:102894000000000000000000000000000000000034
:1028A40000000000000000001C0000001C000000EC
:1028B4001C000000100000001000000018000000C0
:1028C4000C0000000040000000780000007E0000C2
:1028D400801F0000F0030000FC0000003E00000028
:1028E4003E000000FC000000F0030000801F000018
:1028F400007E00000078000000400000FE7F000021
:10290400FE7F000000000000000000000000000046
:1029140000000000FE7F0000FE7F000000000000B9
:102924000000000000000000060000001E0000007F
:102934007C000000F0030000C00F0000003F000016
:102944000078000000780000003F0000C00F000085
:10295400F00300007C0000001E00000006000000E0
:10296400E0070000F80F00003C1E00001C1C0000E3
:102974000C3800000E38000000380000001C000075
:10298400001E0000000F000080070000800300000C
:10299400C0010000C0010000C001000000000000F0
:1029A4000000000000000000C0010000C0010000A1
:1029B40000F8030000FE0F00000F3E00C00370008B
:1029C400C0F17900E0F8CF00601CCF00700ECE009B
:1029D4003006C6003007C6003007C6003007C30003
:1029E4007087630060C63300E0FE1F00C03D6F00C7
:1029F40080033000000F1E0000FE0F0000F80300EB
:102A040000070000800F0000800F0000C00F0000CE
:102A1400C01D0000C01D0000E03C0000E0380000C4
:102A2400E03800007078000070700000387000001A
:102A3400F8FF0000F8FF00001CE000001CC00100CB
:102A44001CC001000EC003000E80030007800300B9
:102A5400FC3F0000FC7F00001CF000001CE00000B4
:102A64001CC001001CC001001CC000001CE00000D0
:102A74001C700000FC7F0000FCFF00001CE0010053
:102A84001CC001001C8003001C8003001C8001008A
:102A94001CC001001CE00000FCFF0000FC3F000023
:102AA400803F0000E0FF0000F0E1010078800300B7
:102AB4003C0007001C0007001C0000000E00000082
:102AC4000E0000000E0000000E0000000E000000CA
:102AD4000E0003001C0007001C0007003C800300DC
:102AE40078C00300F0F00100E0FF0000803F000028
:102AF400FC3F0000FC7F00001CF000001CC0010033
:102B04001C8003001C8003001C0007001C0007003D
:102B14001C0007001C0007001C0007001C00070025
:102B24001C0007001C8003001C8003001CC0030061
:102B34001CC001001CF00000FC7F0000FC3F0000F2
:102B4400FCFF0100FCFF01001C0000001C00000051
:102B54001C0000001C0000001C0000001C00000001
:102B64001C000000FCFF0000FCFF00001C00000033
:102B74001C0000001C0000001C0000001C000000E1
:102B84001C0000001C000000FCFF0100FCFF010011
:102B9400FCFF0000FCFF00001C0000001C00000003
:102BA4001C0000001C0000001C0000001C000000B1
:102BB4001C000000FC7F0000FC7F00001C000000E3
:102BC4001C0000001C0000001C0000001C00000091
:102BD4001C0000001C0000001C0000001C00000081
:102BE400803F0000E0FF0000F0E103007880070070
:102BF400380007001C0007001C0000000E00000045
:102C04000EF80F000EF80F000EF80F000E000E0065
:102C14000E000E001C000E001C000F003C000F00F4
:102C240078800F00F0E10F00E0FF0C00803F04000B
:102C34001C8003001C8003001C8003001C80030014
:102C44001C8003001C8003001C8003001C80030004
:102C5400FCFF0300FCFF03001C8003001C80030036
:102C64001C8003001C8003001C8003001C800300E4
:102C74001C8003001C8003001C8003001C800300D4
:102C84001C0000001C0000001C0000001C000000D0
:102C94001C0000001C0000001C0000001C000000C0
:102CA4001C0000001C0000001C0000001C000000B0
:102CB4001C0000001C0000001C0000001C000000A0
:102CC4001C0000001C0000001C0000001C00000090
:102CD400000E0000000E0000000E0000000E0000B8
:102CE400000E0000000E0000000E0000000E0000A8
:102CF400000E0000000E0000000E0000000E000098
:102D0400000E0000000E0000070E0000070E000079
:102D1400070E00000E070000FC070000F801000089
:102D24001CC003001CE001001CF000001C78000023
:102D34001C3C00001C1E00001C0F00009C0700002F
:102D4400DC030000FC070000FC0F00003C1E000038
:102D54001C1C00001C3C00001C7800001C700000BF
:102D64001CF000001CE001001CC003001C800300D8
:102D74001C0000001C0000001C0000001C000000DF
:102D84001C0000001C0000001C0000001C000000CF
:102D94001C0000001C0000001C0000001C000000BF
:102DA4001C0000001C0000001C0000001C000000AF
:102DB4001C0000001C000000FC7F0000FC7F0000E1
:102DC4003C001E007C001E007C001F007C001F00D5
:102DD400FC001F00FC801B00DC801B00DC81190050
:102DE400DCC119009CC119009CC318009CE31800A5
:102DF4001CE318001C6718001C7718001C761800C8
:102E04001C3E18001C3E18001C3C18001C1C18001A
:102E14003C8003003C8003007C800300FC800300B2
:102E2400FC800300DC810300DC8303009C8303003B
:102E34001C8703001C8703001C8E03001C9C0300DA
:102E44001C9C03001CB803001CB803001CF0030006
:102E54001CE003001CE003001CC003001C800300F2
:102E6400807F0000E0FF0100F0E1030078800700AC
:102E74003C0007001C000E001C000E000E000E009B
:102E84000E001C000E001C000E001C000E001C0096
:102E94000E000E001C000E001C000E003C0007007B
:102EA40078800700F0E10300E0FF0100807F00006C
:102EB400FC3F0000FCFF00001CE001001CC00100FE
:102EC4001CC001001CC001001CC001001CC001008A
:102ED4001CE00100FCFF0000FC3F00001C0000009F
:102EE4001C0000001C0000001C0000001C0000006E
:102EF4001C0000001C0000001C0000001C0000005E
:102F0400807F0000E0FF0100F0E10300788007000B
:102F14003C0007001C000E001C000E000E000E00FA
:102F24000E001C000E001C000E001C000E001C00F5
:102F34000E000E001C000E001C200E003C7007004A
:102F440078E00700F0E10300E0FF0700807F0E0057
:102F540000000C0000000000FC7F0000FCFF0100EA
:102F64001CC003001C8003001C8003001C800300A1
:102F74001C8003001C8003001CC00300FCFF010034
:102F8400FCFF00001CC001001C8003001C80030027
:102F94001C8003001C8003001C8003001C800300B1
:102FA4001C8003001C000700C01F0000F07F00000D
:102FB40078F800001CE000001CC001001CC00100E7
:102FC4001C0000007C000000F8070000F03F000037
:102FD400C0FF000000FC010000E0010000C001008F
:102FE4000E8001000EC001001CC001007CF0000036
:102FF400F87F0000E01F0000FFFF0100FFFF010059
:1030040080030000800300008003000080030000B0
:1030140080030000800300008003000080030000A0
:103024008003000080030000800300008003000090
:103034008003000080030000800300008003000080
:1030440080030000800300001C8003001C80030038
:103054001C8003001C8003001C8003001C800300F0
:103064001C8003001C8003001C8003001C800300E0
:103074001C8003001C8003001C8003001C800300D0
:103084001C8003003C80030038C00100F0F0000005
:10309400E07F0000801F00000E8003000EC00300CC
:1030A4001EC001001CC001001CE001003CE0000047
:1030B40038E000003870000070700000707000008C
:1030C40070380000E0380000E0380000E01C000028
:1030D400C01D0000C01D0000C00F0000800F0000D4
:1030E40080070000000700000F7880030E7880033B
:1030F4000E78C0010EF8C0011CFCC0011CDCC0012C
:103104001CCCE1001CCEE100188EE100388EE100F9
:1031140038867300388773003007730070077700B0
:1031240070033700F0033F00E0033E00E0011E009F
:10313400E0011E00E0011C001EC003001CE00100B1
:1031440038E0000078F0000070780000E0380000FB
:10315400E01D0000C01F0000800F00008007000079
:10316400800F0000C00F0000C01D0000E03C000004
:10317400F03800007070000038F000003CE00100FE
:103184001EC001000EC003000E8003001EC001001B
:103194001CE001003CE0000038F00000707000000A
:1031A400F0380000E03C0000C01D0000C00F00002B
:1031B400800F000000070000000700000007000067
:1031C40000070000000700000007000000070000DF
:1031D4000007000000070000FEFF0100FEFF0100E1
:1031E40000F0000000F0000000780000003C000047
:1031F400001E0000001E0000000F000080070000F9
:10320400C0030000E0010000E0010000F000000045
:10321400780000003C0000001E0000001E000000BA
:10322400FEFF0100FEFF01007C0000007C000000A6
:103234000C0000000C0000000C0000000C0000005A
:103244000C0000000C0000000C0000000C0000004A
:103254000C0000000C0000000C0000000C0000003A
:103264000C0000000C0000000C0000000C0000002A
:103274000C0000000C0000000C0000000C0000001A
:103284000C0000000C0000007C0000007C0000002A
:103294000600000006000000060000000C0000000C
:1032A4000C0000000C0000001800000018000000D2
:1032B4001800000030000000300000003000000062
:1032C400600000006000000060000000C00000001A
:1032D400C0000000C0010000800100008001000067
:1032E4003E0000003E0000003000000030000000FE
:1032F400300000003000000030000000300000000A
:1033040030000000300000003000000030000000F9
:1033140030000000300000003000000030000000E9
:1033240030000000300000003000000030000000D9
:1033340030000000300000003000000030000000C9
:103344003E0000003E000000C0010000C00100007B
:10335400E003000060030000700700003006000076
:10336400380E0000180C00001C1C00000C18000093
:103374000E380000063000000000000000000000CD
:103384000000000000000000000000000000000039
:10339400000000000000000000000000FFFF00002B
:1033A4000E0000001C0000003800000000000000B7
:1033B4000000000000000000000000000000000009
:1033C40000000000000000000000000000000000F9
:1033D40000000000000000000000000000000000E9
:1033E40000000000000000000000000000000000D9
:1033F400E0070000F80F00003C1E00001C1C000049
:103404000C18000000180000001C0000F01F000051
:103414003C1800000E1800000E1C00000E1C0000DA
:103424001E1F0000FC7B0000F87900000E00000065
:103434000E0000000E0000000E0000000E00000050
:10344400CE070000FE0F00003E1C00001E380000E6
:103454001E3800000E3000000E7000000E700000D8
:103464000E7000000E3000000E3800001E38000000
:103474003E1C0000FE0F0000EE070000E007000005
:10348400F80F00003C1E00001C1C00000E18000079
:103494000E0000000E0000000E0000000E000000F0
:1034A4000E0000000E1800001E1C00003C1E000050
:1034B400F80F0000F003000000380000003800009E
:1034C400003800000038000000380000F03B000025
:1034D400F83F00003C3E00001C3C00000E38000099
:1034E4000E3800000E3800000E3800000E380000C0
:1034F4000E3800000E3800001C3C00003C3E00006A
:10350400F83F0000E0330000E0070000F00F000087
:10351400381C00001C3800000C3800000E3000007D
:103524000E300000FE7F0000FE0300000E000000CD
:103534000E3000001C3800003C1C0000F80F000096
:10354400E007000070000000780000001C0000008C
:103554001C0000001C0000007F0000007F00000031
:103564001C0000001C0000001C0000001C000000E7
:103574001C0000001C0000001C0000001C000000D7
:103584001C0000001C0000001C0000001C000000C7
:103594001C000000E03B0000F83F00003C3E00003F
:1035A4001C3C00000E3800000E3800000E380000ED
:1035B4000E3800000E3800000E3800000E3C0000EB
:1035C4001C3C00003C3E0000F83F0000F0390000C5
:1035D40000380000001800000E1C00001C1E000033
:1035E400FC0F0000F00300000C0000000C000000C1
:1035F4000C0000000C0000000C000000CC070000D0
:10360400EC1F00007C1C00001C3800001C3800006B
:103614001C3800000C3800000C3800000C38000086
:103624000C3800000C3800000C3800000C38000086
:103634000C3800000C3800000C0000000C000000E6
:103644000000000000000000000000000C0000006A
:103654000C0000000C0000000C0000000C00000036
:103664000C0000000C0000000C0000000C00000026
:103674000C0000000C0000000C0000000C00000016
:103684000C0000000C0000001800000018000000EE
:10369400000000000000000000000000180000000E
:1036A40018000000180000001800000018000000B6
:1036B40018000000180000001800000018000000A6
:1036C4001800000018000000180000001800000096
:1036D4001800000018000000180000001800000086
:1036E400180000001C0000001F0000000F00000074
:1036F4000C0000000C0000000C0000000C00000096
:103704000C0000000C1C00000C0E00000C07000054
:103714008C030000CC010000FC000000FC01000050
:10372400FC0100009C0300009C0700000C07000043
:103734000C0E00000C1E00000C1C00000C3C0000D1
:103744000C0000000C0000000C0000000C00000045
:103754000C0000000C0000000C0000000C00000035
:103764000C0000000C0000000C0000000C00000025
:103774000C0000000C0000000C0000000C00000015
:103784000C0000000C0000000C0000000C00000005
:10379400CCC70F00FCEF1F007C7E1C001C3C3800D3
:1037A4001C1C38001C1C38000C1C38000C1C380075
:1037B4000C1C38000C1C38000C1C38000C1C380085
:1037C4000C1C38000C1C38000C1C3800CC07000002
:1037D400FC1F00007C1C00001C3800001C3800008A
:1037E4000C3800000C3800000C3800000C380000C5
:1037F4000C3800000C3800000C3800000C380000B5
:103804000C3800000C380000E0070000F80F00003E
:103814003C1E00001C3800000E3800000E30000072
:103824000E7000000E7000000E7000000E300000DC
:103834000E3800001C3800003C1E0000F80F000089
:10384400E0070000EE070000FE0F00003E1C000031
:103854001E3800001E3800000E3000000E700000FC
:103864000E7000000E7000000E3800001E380000BC
:103874001E3800003E1E0000FE0F0000CE070000B0
:103884000E0000000E0000000E0000000E000000FC
:103894000E0000000E000000F03B0000F83F0000A6
:1038A4003C3E00001C3C00000E3800000E380000B6
:1038B4000E3800000E3800000E3800000E380000EC
:1038C4000E3800001C3C00003C3E0000F83F0000A5
:1038D400E03B000000380000003800000038000021
:1038E400003800000038000000380000DC0100004F
:1038F400FC0100007C0000003C0000001C000000F3
:103904001C0000001C0000001C0000001C00000043
:103914001C0000001C0000001C0000001C00000033
:103924001C0000001C000000F0030000FC0F00005D
:103934001C0E00000E1C00000E0000001E00000003
:10394400FC010000F80F0000C01F0000001C000074
:10395400061C00000E1C00001E0E0000FC0F0000E0
:10396400F0030000000000001C0000001C00000028
:103974001C0000001C0000007F0000007F0000000D
:103984001C0000001C0000001C0000001C000000C3
:103994001C0000001C0000001C0000001C000000B3
:1039A4001C0000001C0000001C0000007C00000043
:1039B400780000000C3800000C3800000C380000BF
:1039C4000C3800000C3800000C3800000C380000E3
:1039D4000C3800000C3800000C3800001C380000C3
:1039E4001C3C00003C3F0000F83F0000F03B00009E
:1039F400073800000E1C00000E1C00000E1C000006
:103A04001C0E00001C0E00001C06000038070000FD
:103A14003807000038030000F0030000F003000042
:103A2400E0010000E0010000E0010000070E0E00CC
:103A34000E0F0E000E0F06000E1F07000C1F0700CE
:103A44009C1F03009C1903009CB90300D8B9030010
:103A5400D8B90100F8F00100F8F00100F0F000001E
:103A6400F0E0000070E000000E1C00001E1E0000CC
:103A74001C0E000038070000F8070000F0030000E7
:103A8400E0010000E0010000F0010000F00300008C
:103A9400B80700003C0700001C0E00000E1E0000CA
:103AA4000F3C0000073800000E1C00000E1C000034
:103AB4000E1C00001C0E00001C0E00001C0E00005A
:103AC400380700003807000038030000F003000046
:103AD400F0030000E0010000E0010000E00100004C
:103AE400C0000000E0000000600000007000000062
:103AF4003C0000001C000000FE1F0000FE1F000030
:103B0400001E0000000F00000007000080030000FA
:103B1400C0010000E0010000F0000000700000009F
:103B2400380000001C0000001E000000FE1F000002
:103B3400FE1F0000E0000000F0000000380000005C
:103B44003800000038000000380000003800000091
:103B540038000000380000003800000018000000A1
:103B64001C0000000E0000000E0000001C000000FD
:103B74001800000038000000380000003800000081
:103B84003800000038000000380000003800000051
:103B940038000000F0000000E00000001800000001
:103BA40018000000180000001800000018000000B1
:103BB40018000000180000001800000018000000A1
:103BC4001800000018000000180000001800000091
:103BD4001800000018000000180000001800000081
:103BE4001800000018000000180000001E0000006B
:103BF4001E00000038000000380000003000000003
:103C040030000000300000003000000030000000F0
:103C1400300000003000000070000000E0000000F0
:103C2400E0000000700000003000000030000000E0
:103C340030000000300000003000000030000000C0
:103C44003000000038000000380000001E000000B2
:103C54001E0000000000000078200000FC7300003B
:103C64008C3F0000041E0000000000000000000063
:103C74000000000000000000000000006CC00F40C5
:103C8400030000000E0D00008D5B00002A360000CA
:103C9400140000001300000001000000F4841F4021
:103CA4002B3200001400000013000000010000008B
:103CB400F8841F402D3100001400000013000000A0
:103CC40001000000F0841F402CFFFF0014000000DE
:103CD40000000000000000000100000000000000DF
:103CE400EC841F4000000000000000006CC00F4086
:103CF40030000000100F00008D5B00000127000061
:103D040017000000120000000001000014851F408D
:103D14001AFF000012000000000000000100000073
:103D240018851F401BFF0000120000000000000067
:103D34000100000010851F400026FF00170000004E
:103D4400120000000000000001010000010000005A
:103D54000C851F400C851F40000000006CC00F4004
:103D6400C0000000504F0000615C00000CFF000028
:103D740013000000000000000000000024851F4024
:103D84000BFF000013000000000000000000000012
:103D940028851F400DFF00001300000000000000F4
:103DA4000000000020851F400A25240013000000A5
:103DB40012000000120000000102030000000000D5
:103DC4000000000000000000000000001603550081
:103DD4005300420020005300650072006900610036
:103DE4006C00000018035400650065006E00730049
:103DF40079006400750069006E006F000403090413
:103E040009026200030100C032080B000202020131
:103E1400000904000001020201000524001001054C
:103E24002401010104240206052406000107058279
:103E34000310001009040100020A00000007050332
:103E44000240000007058402400000090402000249
:103E5400FF6AFF00070581024000010705010240D7
:103E64000001000009026200030100C032080B00D7
:103E740002020201000904000001020201000524FB
:103E84000010010524010101042402060524060092
:103E9400010705820310000509040100020A00005D
:103EA400000705030200020007058402000200095E
:103EB40004020002FF6AC70007058102000201072D
:103EC40005010200020100000A060002EF0201409F
:043ED40001000000E9
:103ED80000000000000000000000000000000000DA
:103EE80000000000000000000000000000000000CA
:103EF8000548064B1B1AD90F01EBA301491002D044
:103F0800034B03B118477047C0160020C0160020A5
:103F18000000000008B5054B1BB105490548AFF383
:103F28000080BDE80840FFF7E3BF00BF00000000C5
:103F3800F820002000E8006008B500F0CFFB044B33
:103F4800044901201A68044B08701A6008BD00BFB4
:103F5800682100208F21002010210020024B002220
:103F68001A7000F0BBBB00BF8F210020234A2449F0
:103F780013780968012B10B582B01BD0022B30D002
:103F8800032B01D002B010BD1E481F4B00681B68F0
:103F9800091A9942F6D31D4B00211B781170DBB129
:103FA8001B4B1B78C3B11B491B4802B0BDE810402E
:103FB80000F0E2BB194B13481C680368CB1AA342F4
:103FC800E0D3019100F098FB022301990D480B4AB8
:103FD8000160137002B010BD02B0BDE8104000F0DF
:103FE8007DBB0F4B07481C680368CB1AA342C9D393
:103FF800019100F009FB0323E7E700BF8F210020B0
:104008006821002010210020840200209521002032
:1040180092210020701000206810002088020020E3
:10402800800200200E4B1B78B3B10E4B1B78ABB946
:104038000D4B1B68042B06D00C4B1B685A1F012A1A
:1040480001D9032B01D100F009BB094B1B781BB127
:104058000849094800F090BB00F040BB704700BF1A
:10406800952100208F210020F0200020F42000203E
:1040780092210020701000206810002001460722BD
:104088000A4810B507F0E2FF094B0020094A012150
:10409800064C1B78E071117013B1074B1B7803B104
:1040A80010BDBDE81040FFF7BDBF00BF681000207D
:1040B80095210020922100208F2100200128124BF9
:1040C8000CBF124A124A1188927819809A70114BC3
:1040D8001B78B3B1104B1B78ABB9104B1B68042B82
:1040E80006D00F4B1B685A1F012A01D9032B01D197
:1040F80000F0B4BA0B4B1B781BB103490A4800F017
:104108003BBB00F0EBBA7047701000208C02002017
:1041180094020020952100208F210020F02000200B
:10412800F42000209221002068100020064B074A46
:104138001B7810602BB1064B1B7803B17047FFF753
:1041480071BF00F0CBBA00BF95210020F0200020FD
:104158008F21002008B5184A184BDFF86CC0196881
:1041680018601378CCF8001043B90123137070B9A4
:10417800134B1870BDE8084000F0B0BA104B80B17E
:1041880001221A70A1B10F4B1B7833B108BD0C4A3C
:104198001370BDE80840FFF745BFBDE80840FFF7CA
:1041A80041BF1870FFF7DAFEBDE8084000F096BA84
:1041B800BDE80840FFF7C0BE94210020F42000208D
:1041C800952100208F21002014210020704700BF76
:1041D800704700BF704700BF83885FFA82FCC91A26
:1041E800431800B593F80CE0E64503D083F80CC0FB
:1041F80001230377013106290AD80144C2F30723B2
:1042080091F80CC01A469C4502D001230A73037723
:1042180000BD00BF037C13B1C3689A4202D00523D6
:10422800C2600374704700BF037F03B9704772B65A
:104238000023D0F80CC0018A827C03770123C0F8E0
:1042480014C001838276437762B67047037CDB072C
:104258000ED5C16961B172B6C368027C02F0FE0274
:10426800027462B6828A007E134023FA00F008477F
:10427800704700BF427F03462AB1026A1AB1002183
:10428800143059771047704700B5124B21F00101DF
:10429800DFF844E022F0010289B2036092B2DEF84E
:1042A80000308180C2808BB1B3F806C0624504D863
:1042B80008D1B3F804C08C4504D203F1080E9B68FA
:1042C800002BF1D18360CEF8000000BDCEF80000CD
:1042D800836000BD3C0400201C1D002070B50378DD
:1042E80082B004460D46013B052B0AD8DFE803F0EF
:1042F80051556266031DE16006228368013B8360B5
:104308000270552D0DD000232374237C042B06D175
:1043180001212F4B002221701B682274636102B0B7
:1043280070BD237C01332374EFE7C268436942EA16
:104338000122C2608268013A82603BB921E01B68B1
:104348005B68984763699B686361D3B16268184684
:10435800D9889142F3D361689A888A4211D86168F2
:104368008A420BD862681846D988914206D31E68DB
:1043780061680193E26833689847019B9B68002B4A
:10438800E9D1636802336360A368F3B9012323703A
:10439800B7E7022361600370B3E7436845F25552FB
:1043A80043EA012343604368934214BF0323002375
:1043B8000370A6E70423A1600370A2E783680522BF
:1043C80043EA0123836002709BE70523237098E783
:1043D8001C1D002070B505E007F026FAC1B215488B
:1043E800FFF77CFF07F0DAF90028F5D1124E3468A0
:1043F800A4B1124B1D6802E09A421C460ED020461A
:10440800D4E90123EB1A934203D923685B689847E0
:10441800A560E3683268002BEED1E260084B1C68A7
:1044280034B1236820469B689847A468002CF8D1CB
:1044380070BD00BF201D0020181D0020682100202D
:104448001C1D00202DE9F843134D00F02FF9134CE3
:1044580040F2EE28124F2E68DFF8489007F084FAF1
:10446800237853B13B78DB0707D52B68D9F80020B0
:104478009B1A0E2B01D9BDE8F8832B6822789B1B69
:104488002AB1B3F5FA6FF6D807F06EFAE6E74345B6
:10449800FAD9BDE8F88300BF682100209D210020DB
:1044A8009C2100207821002008B5FFF793FFBDE884
:1044B8000840FFF75BBD00BF38B535490020354BD4
:1044C800354D364A6B600B6882F8590082F85A00FD
:1044D80082F85B00107610701074002B54D041F2F3
:1044E800873041F2883441F2813EDA88824204D929
:1044F800A24207D19A88724504D803F108019B6843
:10450800002BF2D1AB600D60254900244FF0203319
:1045180041F2223229602349EB60EC748B8011460A
:10452800214B22482B62EC762C776C77FFF7ACFE98
:104538001E494FF4E05341F234321D4D4B610A23BA
:104548000C740B761B4B0D60CB6111461A48FFF7B4
:104558009BFE19494FF4006341F222320C744B61FF
:104568000B230D600B76154B1548CB611146FFF7F1
:104578008BFE13484FF460410D22124B0474056002
:1045880041610276C36138BD0D60AB60BCE700BF16
:104598001C1D0020821388136C200020201D002081
:1045A8001404002078200020AD0100009020002095
:1045B80028040020850200004C200020ED010000A6
:1045C800B02000205D02000000B583B0019005F026
:1045D8005DFE019803B000BD024A0349034807F095
:1045E800E5BC00BF60100020F90600005010002054
:1045F80010B5044B044600F5B070236005F096FD35
:10460800204610BDD403002010B5104C2378022B8F
:104618001AD000210E4801F0E3FA0220B7EE040A8E
:104628004FF4FC6320708C210A4A7D2000F036F993
:10463800B7EE040A4FF4FC63074A2D214FF4C37008
:10464800BDE8104000F02AB910BD00BF912100203C
:104658008018002098020020A8020020104B1A7829
:10466800042A1CD000210F4810B501F0B9FA042221
:104678000B4BB7EE080A0C481A7000F00DFAD0F58B
:10468800F070B7EE080A4FF4FC63074A48BF0130E0
:10469800A52140F34F00BDE8104000F0FFB8704777
:1046A8009121002080180020AC02002008B508499C
:1046B800084802F019F90121064801F0A1FA002181
:1046C800044801F08DFA044B00221A7008BD00BF9F
:1046D80080C3C901801800209121002008B500215D
:1046E800034801F07DFA034B00221A7008BD00BF91
:1046F80080180020912100201A4B1A78012A2FD007
:104708000021194810B501F06BFA0122154BB7EEDC
:10471800040A16481A7000F0BFF9D0F5F070B7EE29
:10472800040A4FF4FC63114A48BF0130372140F3B3
:104738004F0000F0B3F8B7EE040A4FF4FC630C4ADC
:10474800A521142000F0AAF8B7EE040A4FF4FC6380
:10475800084A40F227111420BDE8104000F09EB826
:10476800704700BF9121002080180020D40200204B
:10477800E4020020F8020020334A1378032B30B5F6
:10478800054683B048D00C463048002101F028FA8D
:1047980003212D4AB7EE040A4FF4FC634FF4C370AB
:1047A80011702D212A4A00F079F8B7EE040A4FF467
:1047B800FC63284A9B21142000F070F8B7EE040A25
:1047C8004FF4FC63244A9B21822000F067F8B7EE7F
:1047D800040A4FF4FC63214AC821142000F05EF853
:1047E800B7EE040A4FF4FC631D4A2D21962000F011
:1047F80055F8B7EE040A4FF4FC631A4A2D21142029
:1048080000F04CF8B7EE040A4FF4FC632246C821C6
:104818004FF4967000F042F86E2100204FF4B973FF
:10482800D222CDE90010094801F066F8B0EE080A76
:104838004FF4FC632A464FF48C71782003B0BDE82E
:10484800304000F02BB800BF9121002080180020D4
:10485800A8020020C002002008030020C80200208F
:10486800CC020020B802002000B5FF2085B0082344
:10487800092200900A21CDE90100054800F08CFAD0
:10488800044A0549024805B05DF804EB07F08EBB01
:10489800801800206010002021070000002A00F086
:1048A800F180B5EEC00AF1EE10FA40F2EB802DE986
:1048B800F04F2DED068B09EE101A117885B00029FE
:1048C80000F0BB80F0EE409A17461C460A2900F01B
:1048D800C6802039C9B25E2900F2AA806A4B03EB70
:1048E800C103DA7893F804B0002A00F0B38093F992
:1048F80006A002EB0A089A78002A00F0A38007EEC7
:10490800900A614893F9056030F83150B8EEE7AA8B
:104918005E4B02EB0609A5EB0A050397274603EB56
:1049280085054346A8465D46D3469A4658F82B4027
:104938000BF10103324608EE10BA08EE903AD3465E
:10494800C246B8463746264602E0A145224655D01B
:10495800D31B541C26FA03F3DB07F6D507EE902A7F
:10496800F8EEE85A07EE104AB8EEC96AF8EEE76AB8
:104978004748F8EEC87ACDF80480B8EEC77A66EEF4
:10498800A96A67EEA97A65EEA95A27EE297AF8FE90
:10499800666AF8FE677A76EE277AF8FE655A7AEE46
:1049A800266A36EE256AB8FE477AFDEEE77A3AEED1
:1049B800077AFDEEE66ABDEEC66A17EE903AFDEE9E
:1049C800C77A1AB216EE901A16EE10CA17EE903A77
:1049D80009B2ACEB020C5B1A0FFA8CFC1BB2BCF1EF
:1049E800010FB8BF4FF0010C012BCDF800C0B8BFC4
:1049F800012300F081FFA1452246A9D13E46474642
:104A0800D046DA4618EE90BAD3458FD13C46AB462D
:104A1800039F07EE90BAF8EEE77A67EEA97AF8FEF8
:104A2800677A7AEE277AFDEEE77A17EE903A18B2AF
:104A380017F8011F00297FF449AF05B0BDEC068BBC
:104A4800BDE8F08F0AF101030AF1020A434501D0DB
:104A5800C245F7D107EE900AB8EEE7AAD9E7DFED2D
:104A68000D7AB8EEC99A002069EEA77AF8FE677A3F
:104A780039EE279ABDEEC99A19EE103A1BB209EE23
:104A8800103AD5E7704700BF041E0060FC200060A4
:104A9800801800200000084250B3B5EEC00AF1EEBD
:104AA80010FA26D9037813B30246DFF84CC0002069
:104AB800203BDBB25E2B0CEBC30113D80B7907EE5E
:104AC800900A07EE103AF8EEE77AB8EEC77A27EEC2
:104AD800007AB8FE477A77EE877AFDEEE77A17EE26
:104AE800903A18B212F8013F002BE1D170471846EE
:104AF80070470020704700BF041E00600020704708
:104B0800704700BF2DE9F04180460024012705E0E9
:104B18002B401EEB000243EA06041BD001F0070EEF
:104B2800CB08A2F10800CEF1080C18F80350624532
:104B380007FA0CF304FA0CF6614403F1FF33E7D2E9
:104B48000123ACEB020C9440934045FA0CF5013B71
:104B58001D402C432046BDE8F08100BF10B483B04F
:104B68000B46CDE90012C27C002A30D072B6C27C56
:104B7800D40708D54FF0E02C4469DCF880112140B7
:104B88008162CCF88011910708D54FF0E02C846938
:104B9800DCF884112140C162CCF88411540708D58F
:104BA8004FF0E02CC469DCF8881121400163CCF88F
:104BB8008811110708D54FF0E02C046ADCF88C1135
:104BC80021404163CCF88C11D2063AD462B682688F
:104BD800934240D0234A836092692349C2F3011C5F
:104BE800C2F3826251F82CC00132BCFBF2F103B36C
:104BF8008B4232D8B1FBF3F2B1FBF2F18B422ED3E8
:104C0800B2F5817F1BD2022A27D9023A530803EB57
:104C1800032342EA0323C3600268032100201061D2
:104C2800516201211364019B1366116103B010BC2A
:104C380070479445EFD34A1CB2F5817FE3D30B4B01
:104C4800E9E74FF0E021446AD1F8902122408263DD
:104C5800C1F89021BAE7C368DEE70023DBE7114615
:104C6800E9E700BF00C00F4048040020FF7F7F0035
:104C7800C37C13B3D90704D5816A4FF0E022C2F888
:104C880000119A0704D5C16A4FF0E022C2F8041156
:104C9800590704D5016B4FF0E022C2F808111A0732
:104CA80004D5416B4FF0E022C2F80C11DB0604D5A5
:104CB800826B4FF0E023C3F81021704783691A6FA5
:104CC800910706D490F8A420596F511E0AB180F8B4
:104CD800A4105A69D207F2D5704700BF90F8A41003
:104CE800826919B940F2012313617047136F9B075A
:104CF80002D5136F9B07F9D40139536FC9B280F8F5
:104D0800A410EEE7224BD0F89C2013408B422DD004
:104D1800204B00B5134082EA010E43EA010C1EF055
:104D2800407FC0F89CC006D18269D36DD906FCD1FA
:104D3800C2F860C000BDD0F8A0E0BEF1000FF3D00B
:104D480090F8A4C08269BCF1000F10D140F2012391
:104D580011F0407F1361D0F8A83016D0C3F884E072
:104D6800D0F89C3023F04873136600BD7047136F6A
:104D78009B0702D5136F9B07F9D40CF1FF3C536FC7
:104D88005FFA8CFC80F8A4C0DDE7C3F888E0E7E7A9
:104D98001F002803E0FFD7FC2DE9F04188464FF0BB
:104DA8007E5182B00446016600219DF82060416072
:104DB8008184C0F82E10416780F87810A0F884101C
:104DC800C0F8C01080F8C41078489DF828502060BA
:104DD8004FF480709DF8247060877548A06504F5CD
:104DE8008070C4F8E00004F5A070C4F8200104F550
:104DF800B070CDE9003205F033F9009B84F890607B
:104E08000021B4F92E6084F88A300123B6F5A07F1A
:104E180084F88F5084F84230354684F8503006F5CF
:104E2800A073A8BF4FF4A075019AB3F5A07F61489D
:104E380084F88C2025EAE575A8BF4FF4A073E160DB
:104E480084F8451023EAE3736165C4F894101AB234
:104E5800C4F898104FF0FF3384F8B810C4F8B410B1
:104E6800C4F82610E363C4F82A00658684F88B80AA
:104E780084F89170E286C4E90701B4F93010C4E9F6
:104E8800FB3301F5F0730846B3F5F07FA8BF4FF484
:104E9800F073B1F5F07F23EAE373A8BF4FF4F07025
:104EA8001BB220EAE070954218BF98422387424D12
:104EB8000CBF012300233143A08684F83A300CBF8D
:104EC8000123002384F83B3006F04EFD2B781BB1FC
:104ED8003A4B1B78DA0763D4B4F91C600023B4F9A1
:104EE8002610B4F92A00B142B4F91EE0B4F928201A
:104EF800A8BF3146B042C4F82E30A8BF3046B4F936
:104F08002C30724520EAE070A8BF72467345E086EF
:104F1800A8BF73460029D8BF002A21EAE17122EA16
:104F2800E272D4BF4FF0010C4FF0000C23EAE37398
:104F3800A286864214BF4FF0000C0CF0010C61866B
:104F480023879E4514BF4FF0000C0CF0010C8142E2
:104F580018BF9A420CBF0123002384F83BC084F891
:104F68003A3006F001FD2B783BB1144B1B78DB0778
:104F780003D5134A134B12681B6894F8423000217A
:104F88002046012B0A46A4F8841038BF012363F396
:104F9800070263F30F22A4F8432002B0BDE8F081B2
:104FA800074A084B12681B6896E700BFD403002025
:104FB800010001084001E0019D2100209C21002002
:104FC80068210020782100204FEAD12C01F01F032E
:104FD800C1F34511CCEB0C2CC3EB0323C1EB01212E
:104FE80030B5DFF8A4E18EFB0C548EFB035E6444FD
:104FF8004FEAEC7C9E44DB17CCEB241C5E4CC3EBE5
:105008002E13D0F8B0E043EA0C4384FB014C8C44E7
:10501800C917C1EB6C11D0F89CC043EA0124574969
:105028000CEA0101FAB14EF017028A424ED0544BF5
:105038000CEA030382EA0C0C13431CF0407FC0F80F
:105048009C3047D18269D16DC906FCD1136654667C
:1050580090F8A4100131C9B271BB40F2012380F865
:10506800A410136130BD474B4EEA03038B422FD087
:1050780043490CEA010183EA0C0C19431CF0407FF8
:10508800C0F89C103FD18369DA6DD506FCD119664A
:105098005C6690F8A420013280F8A4201A6F91076A
:1050A80006D490F8A420596F511E0AB180F8A410B4
:1050B8005A69D207F2D530BD136F9C0702D5136F1A
:1050C8009B07F9D40139536FC9B2C5E78269BEE7B6
:1050D8008369DDE7D0F8A0100029B3D090F8A4C008
:1050E8008269BCF1000F33D140F201231EF0407FEA
:1050F8001361D0F8A83039D1C3F88810D0F89C30A3
:1051080023F04873A2E7D0F8A0C0BCF1000FBAD0D2
:1051180090F8A410836979B940F201221EF0407F0B
:105128001A61D0F8A82024D1C2F888C0D0F89C20F1
:1051380022F048721A66ABE71A6F920702D51A6F07
:105148009507F9D401395A6FC9B280F8A410E2E77B
:10515800136F9B0702D5136F9D07F9D40CF1FF3C21
:10516800536F5FFA8CFC80F8A4C0BAE7C3F88410C8
:10517800C4E7C2F884C0D9E7832008821F00280347
:10518800E0FFD7FC17002000430821842DE9F043F5
:10519800CC0A964601F01F02C1F34511A04E99466C
:1051A800C1EB01219F4DC4EB0424BEF1010F86FB26
:1051B80001364FEAE173C2EB0222D0F8B0700E4418
:1051C800D0F89C80C3EB661385FB041685FB02159B
:1051D8004FEAE471264405EB0204C1EB26114FEABD
:1051E800E276C6EB241646EA014646EA03263CD98F
:1051F8008D4C8E4B47EA040208EA03018A425DD0CF
:10520800DFF82CC208EA0C0C82EA08084CEA020C07
:1052180018F0407FC0F89CC004D0D0F8A080B8F146
:10522800000F4DD18169CA6DD206FCD1D0F89C809F
:10523800C1F860C04E6690F8A420013280F8A4201E
:105248000A6F950707D490F8A4204D6F02F1FF3C30
:105258000AB180F8A4C04A69D207F1D50EF1FF3E21
:105268001FFA8EFEBEF1010FC4D1704B08EA03038A
:10527800B9F1000F4AD047F017029A427CD06C4926
:1052880008EA010182EA0808114318F0407FC0F8D3
:105298009C1040F08D808269D36DDF06FCD11166C9
:1052A800566690F8A4100131C9B200295AD140F2CB
:1052B800012380F8A4101361BDE8F0838169B9E780
:1052C80090F8A4C08169BCF1000F11D140F201220D
:1052D80017F0407F0A61D0F8A82040D1C2F8888032
:1052E800D0F89C80D0F8B07028F048720A66A1E720
:1052F8000A6F950702D50A6F9207F9D40CF1FF3CA3
:105308004A6F5FFA8CFC80F8A4C0DCE74649394351
:10531800994233D0464B08EA030381EA0808194347
:1053280018F0407FC0F89C102AD18369DA6DD40642
:10533800FCD119665E6690F8A420013280F8A4209A
:105348001A6F910706D490F8A420596F511E0AB11C
:1053580080F8A4105A69D207F2D5BDE8F083C2F8E4
:105368008480BDE7136F9E0702D5136F9D07F9D49C
:105378000139536FC9B298E7826991E78369D9E720
:10538800D0F8A040002CD0D090F8A410836941BB7D
:1053980040F2012217F0407F1A61D0F8A8203BD1D3
:1053A800C2F88840D0F89C2022F048721A66C1E7FB
:1053B800D0F8A040002C3FF46EAF90F8A41082699A
:1053C800D9B940F2012317F0407F1361D0F8A83013
:1053D8001FD1C3F88840D0F89C3023F04873136677
:1053E8005EE71A6F920702D51A6F9507F9D401394B
:1053F8005A6FC9B280F8A410C9E7136F9D0702D588
:10540800136F9B07F9D40139536FC9B280F8A41000
:10541800D6E7C3F88440DEE7C2F88440C2E700BF9D
:105428008320088243082184170020001F002803D6
:10543800E0FFD7FCB0F82EC06144B0F932C02DE9C6
:10544800F0418CB284B009B28C451CDCB0F936C08E
:105458008C4518DDB0F830C0B0F934E062440FFA7A
:1054680082FC95B2E6450EDCB0F9382062450ADDCB
:1054780090F8B82052B1B0F81CE0D0F8B4201CFB6A
:105488000E1C22F81C3004B0BDE8F08182681F466B
:105498000346C0680292072200930392DDE90212D4
:1054A800FFF75CFB009BD3F8A820002A00F0E680F9
:1054B800D3F898100E4619B1D3F89420C1F8882073
:1054C800B3F8EC23A24203D1B3F8EE23A24258D09A
:1054D8000022D3F8AC101846009364F30F0241F091
:1054E800070164F31F429046FFF70CFC009B2A213A
:1054F8009A69516693F8A410013183F8A410116FCA
:10550800880706D493F8A410506F481E09B183F891
:10551800A4005169C907F2D5D3F8B0005A490192DD
:10552800014318460093FFF7EDFB009B019A546670
:1055380093F8A410013183F8A410116F880706D4DA
:1055480093F8A410506F481E09B183F8A40051695C
:10555800C907F2D5D3F8B0004B4901920143184668
:105568000093FFF7CFFB009B019A1846546693F807
:10557800A420013283F8A420FFF7A0FB009BC3F806
:10558800EC83B3F8F023AA4203D1B3F8F223AA427A
:1055980046D00022D3F8AC101846009365F30F02EA
:1055A80041F007012C4665F31F420192FFF7AAFB61
:1055B800009B2B219D691846696693F8A410013158
:1055C80083F8A410FFF77AFB009BD3F8B0101846B5
:1055D80041F4001141F00F01FFF794FB009B6C664A
:1055E80093F8A4101846013183F8A410FFF766FB5E
:1055F800009BD3F8B010184641F4001141F00F0198
:10560800FFF780FB009B6C6693F8A41018460131E5
:1056180083F8A410FFF752FBDDE90032C3F8F0234A
:10562800D3F8AC101846009341F00701FFF76AFB66
:10563800009B2C219A69516693F8A410013183F8D4
:10564800A410116F880706D493F8A410506F481E51
:1056580009B183F8A4005169C907F2D51846012297
:1056680039460093FFF7B0FC009B1EB1D3F8942095
:10567800C6F88420D868FFF7FBFA04E79A69126E27
:10568800C3F89C2014E700BF0F0020002DE9F04F5D
:10569800048E85B0B0F934602244BDF8385014B295
:1056A800A6422ADC97B2C28D1144B0F936200EB258
:1056B800B24222DDB0F938C0A4451EDDB0F932C0CF
:1056C800B4451DDC911B06EB030C09B29445C8BF19
:1056D8000B46002B11DD99B290F8B8308846ABB173
:1056E800838BD0F8B42014FB036402EB440202EB72
:1056F800410322F8025B9A42FBD105B0BDE8F08F66
:10570800A1EB0C01664619440BB2DBE7836804463B
:10571800C068029307230393DDE90212FFF71EFA1C
:10572800D4F8A830002B00F0DF80D4F898209346F6
:105738001AB1D4F89430C2F88830B2B2B4F8EC3365
:10574800561E934291464644B1B28A4603D1B4F8F4
:10575800EE338B4255D0D4F8AC10204641F0070107
:10576800FFF7D0FA2A22A669726694F8A4200132BB
:1057780084F8A420326F930706D494F8A420716F9C
:10578800511E0AB184F8A4107269D007F2D5D4F872
:10579800B020204657491143FFF7B4FAC6F8649081
:1057A80094F8A420013284F8A420326F910706D41B
:1057B80094F8A420716F511E0AB184F8A41072697C
:1057C800D207F2D5D4F8B02020464A491143FFF752
:1057D80099FAC6F864A094F8A420013284F8A420A9
:1057E800326F930706D494F8A420716F511E0AB142
:1057F80084F8A4107269D007F2D5A4F8EC93A4F841
:10580800EEA3B4F8F033BB4203D1B4F8F233BB4291
:105818003ED00023D4F8AC10204667F30F0341F0C4
:10582800070167F31F430193FFF76CFAA6692B2161
:105838002046716694F8A410013184F8A410FFF78B
:105848003DFAD4F8B010204641F4001141F00F01A0
:10585800FFF758FA776694F8A4102046013184F8C7
:10586800A410FFF72BFAD4F8B010204641F4001129
:1058780041F00F01FFF746FA776694F8A420204616
:10588800013284F8A420FFF719FA019BC4F8F03319
:10589800D4F8AC10204641F00701FFF733FA2C2268
:1058A800A3695A6694F8A420013284F8A4201A6FD8
:1058B800910706D494F8A420596F511E0AB184F8B0
:1058C800A4105A69D207F2D5424601232946204638
:1058D800FFF75CFC5A461AB1D4F89430CBF8843000
:1058E800E068FFF7C5F908E7A3691B6EC4F89C30A8
:1058F8001BE700BF0F0020002DE9F04F1E46C38DA7
:10590800B0F9365087B01944BDF940400FFA81F814
:10591800BDF8449045455DDD078EB0F938C002EB0F
:10592800070A0FFA8AF7BC4554DD06EB0802B0F9FE
:1059380032E0CDF80080724593464BDDE219B0F9AC
:1059480034309A420192CDE9027343DDC64508DD41
:10595800A1EB0E01F046CDF800E031440EB206EBA3
:105968000E0B039BBB4207DDAAEB03021F46029303
:10597800224414B2E3180193A5EB0802019B12B26A
:105988005D45B8BF1646ACEB070212B29C45B8BFDE
:10599800144690F8B8204AB3002C1BDD002E1CDDFD
:1059A800009B7600B0F91C200299D0F8B45001FB96
:1059B80002324B4605EB4205A9192A4622F8023B5A
:1059C8008A42FBD1013CB0F91C20A4B205EB420588
:1059D800002CF1D107B0BDE8F08F631E023C9BB2EA
:1059E800A4B2002BF6D0002CF7D1F3E78268054665
:1059F800C06804920722CDF800900592DDE90412F0
:105A0800FFF7ACF8D5F8A820DDF80090002A00F0E0
:105A1800E180D5F898309A461BB1D5F89420C3F8A0
:105A280088201FFA88F2B5F8EC031FFA86F8511E91
:105A3800BFB2904241448BB207F1FF312144019338
:105A480089B2009103D1B5F8EE13994241D0D5F847
:105A5800AC10284641F00701CDE90229FFF752F9B9
:105A6800AE692A212846716695F8A410013185F897
:105A7800A410FFF723F9D5F8B010284641F4001117
:105A880041F00F01FFF73EF9029A2846726695F831
:105A9800A410013185F8A410FFF710F9D5F8B0105B
:105AA800284641F4001141F00F01FFF72BF9019B43
:105AB8002846736695F8A410013185F8A410FFF7FD
:105AC800FDF8029A019BDDF80C90A5F8EC23A5F8E7
:105AD800EE33B5F8F023BA4204D1B5F8F223009BAF
:105AE8009A423FD0D5F8AC102846CDF8049041F042
:105AF8000701FFF707F9AE692B222846726695F869
:105B0800A420013285F8A420FFF7D8F8D5F8B01002
:105B1800284641F4001141F00F01FFF7F3F87766CA
:105B280095F8A4202846013285F8A420FFF7C6F886
:105B3800D5F8B010284641F4001141F00F01FFF7E5
:105B4800E1F8009B2846736695F8A420013285F891
:105B5800A420FFF7B3F8009BDDF80490A5F8F073D4
:105B6800A5F8F233D5F8AC102846CDF8009041F0EE
:105B78000701FFF7C7F82C21AA69009B516695F821
:105B8800A410013185F8A410116F880706D495F880
:105B9800A410506F481E09B185F8A4005169C907BF
:105BA800F2D5002C0BDD1E462846013C0123424657
:105BB8003146A4B2FFF7EAFA002CF6D10546BAF14D
:105BC800000F03D0D5F89430CAF88430E868FFF79E
:105BD8004FF8FFE6AA69126EC5F89C2019E700BFC6
:105BE80000B5002283B0B0F91EC001911146B0F98A
:105BF8001C30CDF800C0FFF77FFE03B000BD00BF2A
:105C080070B5836884B0072201F00301044680F868
:105C18004510C068CDE90232DDE90212FEF79EFFA9
:105C2800D4F8A800002800F0C881D4F898501DB115
:105C3800D4F89430C5F88830D4F8AC60D4F89C30E7
:105C4800AD4A46F007011A40914200F0B481AB4AD0
:105C58001A404B40114313F0407FC4F89C1023D1E5
:105C6800A369DA6DD006FCD1196636225A6694F813
:105C7800A420013284F8A4201A6F900706D494F85F
:105C8800A420596F511E0AB184F8A4105A69D1078B
:105C9800F2D594F84520032A00F2A381DFE812F038
:105CA8003A0159013D001E00D4F8A0C0BCF1000F14
:105CB800D6D094F8A410A369002940F0838140F25B
:105CC800012216F0407F1A6100F08881C0F884C074
:105CD800D4F89C2022F048721A66C6E7D4F8B010AF
:105CE8002046019341F00701FFF70CF8E822019BD9
:105CF8005A6694F8A4100131C9B2002900F039811C
:105D08001A6F920702D51A6F9607F9D401395A6F9C
:105D1800C9B2002900F02D81F2E7D4F8B01020466E
:105D2800019341F00701FEF7EDFF8822019B5A66B7
:105D380094F8A4100131C9B2002940F0288140F23A
:105D480001224FF4F07684F8A4101A614FF4A0727F
:105D58006B4BB4469646E3611DB1D4F89430C5F850
:105D68008430E168CB7C13B3D80704D5886A4FF038
:105D7800E025C5F80001980704D5C86A4FF0E0256A
:105D8800C5F80401580704D5086B4FF0E025C5F89D
:105D98000801180704D5486B4FF0E025C5F80C0139
:105DA800D80604D5896B4FF0E023C3F81011B4F975
:105DB8002E000023B4F930109042C4F8263000EBCE
:105DC8000203A4F82AE0A8BF1046A4F82CC0934206
:105DD800A8BF13468A19B14223EAE373A8BF314624
:105DE800B2421BB2A8BF32460029D8BF002820EA19
:105DF800E07021EAE171D4BF0125002522EAE272B0
:105E0800E386734514BF002505F00105608612B2CC
:105E1800A186624514BF002505F00105914218BF0F
:105E2800984222870CBF0123002384F83B50354D4C
:105E380084F83A3005F098FD2B783BB1324B1B784B
:105E4800DA0703D5314A324B12681B68B4F91C6073
:105E58000023B4F92610B4F92A00B142B4F91EE0BF
:105E6800B4F92820A8BF3146B042C4F82E30A8BFE4
:105E78003046B4F92C30724520EAE070A8BF72466B
:105E88007345E086A8BF73460029D8BF002A21EAD7
:105E9800E17122EAE272D4BF4FF0010C4FF0000C1E
:105EA80023EAE373A286864214BF4FF0000C0CF07D
:105EB800010C618623879E4514BF4FF0000C0CF03F
:105EC800010C814218BF9A420CBF0123002384F8B9
:105ED8003BC084F83A3005F047FD2B783BB10A4BBC
:105EE8001B78DB0703D5094A094B12681B68002396
:105EF800236204B070BD00BF1F002803E0FFD7FC79
:105F08004001E0019D2100209C2100206821002003
:105F180078210020D4F8B0102046019341F0070101
:105F2800FEF7F0FE4822019B5A6694F8A41001314E
:105F3800C9B200293FF403AF1A6F920702D51A6F4E
:105F48009607F9D401395A6FC9B200293FF4F7AE60
:105F5800F2E7D4F8B0102046019341F00701FEF7AC
:105F6800D1FE2822019B5A6694F8A4100131C9B2C7
:105F7800B9B940F201224FF4A07684F8A4101A614E
:105F88004FF4F0721A4BB4469646E361E4E61A6F92
:105F9800960702D51A6F9007F9D401395A6FC9B21A
:105FA800CAE61A6F900702D51A6F9207F9D4013919
:105FB8005A6FC9B2DCE7A36957E6A3691B6EC4F838
:105FC8009C3032E61A6F920702D51A6F9207F9D4FD
:105FD80001395A6FC9B284F8A4106DE6C0F888C0B8
:105FE80076E6B4F91CE0B4F91EC072466646B3E61C
:105FF800E0014001000000002DE9F04FC58D85B09B
:106008001C462944BDF938300F9D1FFA81F9018ECD
:106018000A441FFA82F890F8B820002A40F0FD815F
:1060280090F88F20FF2A00F0B98104FB03F6A246FE
:106038000446C068009306EB46069FEDAB7B8DEDEA
:10604800027BDDE90212FEF789FDD4F89870009B07
:106058001FB1D4F89420C7F88820013B0AF1FF3219
:1060680043444A441FFA83FAB4F8EC3392B24B45DE
:10607800934603D1B4F8EE33934259D0D4F8AC1018
:10608800204641F00701FEF73DFE2A22A3695A6621
:1060980094F8A420013284F8A4201A6F900706D43B
:1060A80094F8A420596F511E0AB184F8A4105A69B3
:1060B800D107F2D5D4F8B02020468D49009311437A
:1060C800FEF720FE009BC3F8649094F8A4200132E8
:1060D80084F8A4201A6F920706D494F8A420596F64
:1060E800511E0AB184F8A4105A69D007F2D5D4F821
:1060F800B02020467E4900931143FEF703FE009B23
:10610800C3F864B094F8A420013284F8A4201A6F6C
:10611800910706D494F8A420596F511E0AB184F847
:10612800A4105A69D207F2D5A4F8EC93A4F8EEB3F8
:10613800B4F8F033434503D1B4F8F233534560D093
:10614800D4F8AC10204641F00701FEF7DBFD2B2206
:10615800D4F81890C9F8642094F8A420013284F87F
:10616800A420D9F87020930707D494F8A420D9F86C
:106178007410511E0AB184F8A410D9F81420D0075D
:10618800EFD5D4F8B020204659491143FEF7BAFD9F
:10619800C9F8648094F8A420013284F8A420D9F8BE
:1061A8007020910707D494F8A420D9F87410511ED0
:1061B8000AB184F8A410D9F81420D207EFD5D4F87E
:1061C800B02020464A491143FEF79CFDC9F864A057
:1061D80094F8A420013284F8A420D9F870209307F9
:1061E80007D494F8A420D9F87410511E0AB184F881
:1061F800A410D9F81420D007EFD5A4F8F083A4F898
:10620800F2A3D4F8ACC0D4F89C103A4B4CF0070277
:106218000B409A4200F060813748084051401043D3
:1062280011F0407FC4F89C0040F03D81A369DA6D0D
:10623800D106FCD1D4F89C1018662E225A6694F820
:10624800A420013284F8A4201A6F920706D494F887
:10625800A420586F501E0AB184F8A4005A69D007C8
:10626800F2D5D4F8B0C0234A4CF007000A40904257
:106278000DD0214A0A404140104311F0407FC4F834
:106288009C0040F0F780DA6DD106FCD11866002238
:106298005A6694F8A48008F101085FFA88F1002989
:1062A80040F0AF8040F2012284F8A4101A61002E59
:1062B80049D0884632468946002E2FD05969C807EA
:1062C80005D4002A6DD159690022C907FBD5013EC2
:1062D80014D0C3F86490002A63D15969C807F2D56D
:1062E800013EF6D10AE000BF00093D0007000000AA
:1062F8000F0020001F002803E0FFD7FCD4F8B010DF
:10630800204641F00701CDE90023FEF7FBFCDDE95B
:1063180000235969C907FCD5002159669AB1196F3C
:106328008E07FCD408F101000DEB0801013A0026A4
:106338005FFA80F8586F9446B8F1030F087248D096
:10634800BCF1000FB8D11FB1D4F89430C7F884302D
:10635800E268D37C13B3DD0704D5906A4FF0E021DF
:10636800C1F800019C0704D5D06A4FF0E021C1F8BC
:106378000401580704D5106B4FF0E021C1F808015B
:10638800190704D5506B4FF0E021C1F80C01DB066A
:1063980004D5926B4FF0E023C3F8102105B0BDE897
:1063A800F08F196F880705D55969C9078FD4196FF8
:1063B8008807F9D408F101000DEB0801013A5FFAEA
:1063C80080F8586FB8F1030F08727FF475AF42EA8E
:1063D800060C9DF809004FF000089DF808E0C00081
:1063E8004D4900F4FC6001EA0E2101439DF80A00C2
:1063F80041EAD00125F8021BBCF1000F7FF45CAF25
:10640800A1E71A6F900702D51A6F9207F9D401F124
:10641800FF385A6F5FFA88F141E7002BBEDD002C88
:106428001FDD0FFA89F9828BD0F8B47018FB02923D
:1064380007EB420707EB44063A46294632F802CBF7
:10644800B24221F802CBF9D15A1EB0F91C1005EB63
:10645800440593B207EB4107002BEBD105B0BDE82B
:10646800F08F5A1E023B92B29BB2002A96D0002BA4
:10647800F7D193E7D4F8A01000293FF404AF94F8BB
:10648800A400002836D140F201221CF0407F1A6196
:10649800D4F8A8203DD0C2F88410D4F89C2022F06B
:1064A80048721A66F3E6D4F8A01000293FF4BEAE8D
:1064B80094F8A400A36988B940F201221CF0407F37
:1064C8001A61D4F8A82021D0C2F88410D4F89C10FE
:1064D80021F048721A66B0E6A369AEE61A6F920711
:1064E80002D51A6F9207F9D401385A6FC0B284F8EE
:1064F800A400E0E71A6F920702D51A6F9207F9D441
:1065080001385A6FC0B284F8A400BAE7C2F88810FC
:10651800DCE7C2F88810C0E700F8FFFF2DE9F04F6C
:1065280042F20E7587B01E46A942BDF94040119B44
:1065380005D1B0F91C10891B48BF0131491042F23E
:106548000E75AA4205D1B0F91E20121B48BF0132B0
:106558005210C58DB0F936C001EB050B0FFA8BF759
:10656800BC456DDD058E1544B0F938202DB2AA4220
:1065780066DD07EB060AB0F932E00097F2455FDD09
:1065880004EB0509B0F934800195C14558DDA845EB
:106598000CDDA8EB0505CDF80480641B06FB05F5AA
:1065A80024B203EB4503454604EB0809511B09B225
:1065B8004A45B8BF0C46BE4548DDA6EB0E06AEEB15
:1065C8000B017746CDF800E05E441FFA81FB36B236
:1065D80006EB0E0AD44536DABA19A2EB0C02ACEB7C
:1065E800070C1FFA82FA0FFA8CF690F8B82082B3DB
:1065F800002C25DDB0F91C204FEA4B074FEA4A0C66
:106608004FEA4608DDE9001505FB0215D0F8B4107D
:1066180001EB450E002E3B440BDD03EB08057246EB
:1066280033F8021B9D4222F8021BF9D12B46B0F920
:106638001C20013C0EEB420E6344A4B2002CE9D1AD
:1066480007B0BDE8F08F4FF0000ACEE74FF0000B1F
:10665800C0E782688046C0680492072211930592B9
:10666800DDE90412FEF77AFAD8F8A820119B002A6F
:1066780000F03181D8F89810019119B1D8F8942018
:10668800C1F88820BFB2B8F8EC13ADB203967A1EF1
:10669800B942324490B205F1FF322244029092B2DC
:1066A800009203D1B8F8EE23824268D0D8F8AC1033
:1066B8004046119341F00701FEF724FB2A22D8F83F
:1066C8001890119BC9F8642098F8A420013288F822
:1066D800A420D9F87020920707D498F8A420D9F8F4
:1066E8007410511E0AB188F8A410D9F81420D007E4
:1066F800EFD5D8F8B02040467A4911931143FEF7F8
:1067080001FBC9F8647098F8A420119B013288F83D
:10671800A420D9F87020910707D498F8A420D9F8B4
:106728007410511E0AB188F8A410D9F81420D207A1
:10673800EFD5D8F8B02040466A4911931143FEF7C7
:10674800E1FA029BC9F8643098F8A420119B013241
:1067580088F8A420D9F87020900707D498F8A420C6
:10676800D9F87410511E0AB188F8A410D9F8142069
:10677800D107EFD5029AA8F8EC73A8F8EE23B8F879
:10678800F023AA4204D1B8F8F22300998A4252D0E1
:10679800D8F8AC104046119341F00701FEF7B2FA61
:1067A8002B22D8F81870119B7A6698F8A420013229
:1067B80088F8A4203A6F920706D498F8A420796F35
:1067C800511E0AB188F8A4107A69D007F2D5D8F812
:1067D800B0204046434911931143FEF793FA7D6672
:1067E80098F8A420119B013288F8A4203A6F9107E9
:1067F80006D498F8A420796F511E0AB188F8A4101D
:106808007A69D207F2D5D8F8B020404635491193B5
:106818001143FEF777FA009B40467B6698F8A42060
:10682800013288F8A420FEF749FA009BA8F8F05333
:10683800A8F8F233119BD8F8AC104046119341F0F8
:106848000701FEF75FFA2C21D8F81820119B516632
:1068580098F8A410013188F8A410116F880706D49D
:1068680098F8A410506F481E09B188F8A40051691F
:10687800C907F2D5002C22DD039A40464FEA4B07A0
:106888000AF1010A951EADB26A1C1D469046012EFA
:106898003D4409DD05EB480935F8021B0022FEF7E7
:1068A80093FBA945F8D14D46013C2988012205EB07
:1068B8004A05A4B2FEF788FB002CE8D18046019B6C
:1068C80023B1D8F89430019AC2F88430D8F80C0073
:1068D800FEF7CEF9B4E6D8F81820126EC8F89C2056
:1068E800C8E600BF0F0020002DE9F04F0B4690F8D6
:1068F800901087B00446FF29836000F08F81E0681C
:10690800002800F07E8203F0AFFA28B194F89110C5
:10691800E06803F0C3FA08BB94F89010E06803F04D
:10692800A3FA002800F06D8194F89110E06803F054
:10693800B5FA002800F0588194F88F10E06803F049
:10694800A1FA002800F04881BA4803F0FDFC26218E
:10695800B94807B0BDE8F04F04F08ABF94F88F102B
:10696800E06803F08FFA002800F0738294F8901022
:10697800E06803F0CBFA94F88F10FF2940F0828189
:1069880094F89110E06803F031FBE068002800F00B
:106998007582AA4B4168984200F08782A84B9842BA
:1069A80014BF022301232375002703682161A36113
:1069B80084F8A47003F026F994F88B00A14E012105
:1069C8000301F358C4F8983006EB0013DB68C4F8E9
:1069D800943003F03FFDE068D4E92523C3F8842010
:1069E800A36994F88C101B6EC4F89C3003F024FA49
:1069F80094F88C100546002840F036810B010846B3
:106A0800F35806EB01160121C4F8A830F368C4F85E
:106A1800A03003F01FFDD4F8A010D4F8A8204FF040
:106A28008073C2F8841088492046C4E92B53FEF7C6
:106A380069F994F88A00FF281AD0012103F00AFDA9
:106A4800012194F88A0003F0E3FC052003F08AFC96
:106A5800002194F88A0003F0DBFC142003F082FC88
:106A680094F88A00012103F0D3FC962003F07AFC05
:106A7800A2680723E068CDE90423DDE90412FEF7E4
:106A88006DF8D4F8A8B0BBF1000F00F0F281D4F88B
:106A98009880B8F1000F03D0D4F89430C8F8883043
:106AA8004FF0E00E694F6A480F216A4EC2466A4DA0
:106AB800CDF80CB00194019B07F10208D3F8AC2083
:106AC800D3F89C3042F0070C03EA0009CC4500F0EB
:106AD800008103EA06098CEA0303019C49EA0C09D0
:106AE80013F0407FC4F89C9005D0D4F8A0C0BCF146
:106AF800000F40F06081019B9B69DA6DD206FCD1E2
:106B0800C3F86090019CC3F864E08E4694F8A42012
:106B1800013284F8A4201A6F910707D494F8A420AE
:106B2800596F02F1FF3C0AB184F8A4C05A69D20730
:106B3800F1D5BEF1000F00F03C810EF1FF31C446E3
:106B4800CDF80880C9B2CA1C884607EB020E019A24
:106B58001CF8011BD2F8B090D2F89C4049EA05070E
:106B680004EA000B5F4512D004EA060B7C404BEAAE
:106B7800070714F0407FC2F89C7004D0D2F8A040F8
:106B8800002C40F08380DA6DD406FCD11F66019A90
:106B9800596692F8A410013182F8A41011461A6FB0
:106BA800920706D491F8A4205C6F541E0AB181F8AC
:106BB800A4405A69D707F2D5E645C8D14146DDF861
:106BC800088041444F1C3A78002A00F08580013A39
:106BD80097F801E0D1B26EE70521204804F048FE9D
:106BE800FF2384F88F30AFE605211D4804F040FEEE
:106BF80094F88F10E06803F045F900287FF4A4AEFC
:106C0800EAE70521174804F033FE94F89110E0688C
:106C180003F044F900287FF48FAEE5E790F88F3051
:106C2800FF2B7FF46CAE90F89130FF2B7FF467AEAA
:106C3800ABE600BF4010002048030020500F0020A2
:106C4800A00F002058040020070000017003002056
:106C58001F002803E0FFD7FC0700200040030020A6
:106C68003803002030030020E06803F025F94FF0D6
:106C78004073451E8E49C4F8A87003EA0565C4F838
:106C8800A070D1E6E06803F07BF979E692F8A47089
:106C98007FB940F2012219F0407F1A61039A15D09A
:106CA800C2F88440019AD2F89C4024F048741C66CB
:106CB8006DE71A6F920702D51A6F9207F9D4013F50
:106CC8005A6F019AFFB282F8A470E1E7C2F88840CF
:106CD800E8E7019B9B6915E7019CD0460293D4F82D
:106CE800AC10204641F00701FEF70CF81122029B78
:106CF8005A6694F8A4100131C9B200294FD140F264
:106D0800012284F8A4101A61B8F1000F03D0D4F856
:106D18009430C8F88430E068FDF7AAFF782003F0C3
:106D280021FB0722D4E90230CDE90432DDE904125F
:106D3800FDF714FFD4F8A830002B00F09580D4F8A4
:106D480098501DB1D4F89430C5F88830D4F8AC10F8
:106D5800204641F00701FDF7D5FF2923A2695366B4
:106D680094F8A4100131C9B279B940F2012384F82A
:106D7800A41013611DB1D4F89430C5F88430E068CC
:106D8800FDF776FF07B0BDE8F08F136F980702D5BF
:106D9800136F9B07F9D40139536FC9B2E4E71A6F2F
:106DA800960702D51A6F9507F9D401395A6FC9B2F7
:106DB800A3E7474607E794F8A490A369B9F1000F41
:106DC80010D140F2012912F0407F039AC3F81090C5
:106DD8003CD0C2F884C0019AD2F89C2022F04872B4
:106DE8001A668FE61C6FA40702D51C6FA407F9D496
:106DF80009F1FF395C6F019C5FFA89F984F8A49066
:106E0800DCE72C4D284603F02FF830B194F89110A8
:106E1800284603F043F8002842D1274E94F89010F2
:106E2800304603F021F828B194F89110304603F069
:106E380035F880BB214E94F89010304603F014F8D2
:106E480010BB94F890101B48E5605CE5C2F888C058
:106E5800C1E7FF231D211A4884F88F3004F008FD8C
:106E6800184803F071FA81E5A3691B6EC4F89C30D9
:106E780065E7A3691B6EC4F89C3008E60D4A034613
:106E880051681046E2608EE594F89110304603F0A0
:106E980005F80028D5D094F890103046E66032E521
:106EA80094F890102846E5602DE500237BE500BFA7
:106EB80007000003500F0020A00F0020F00F002053
:106EC80010030020401000202DE9F04F944693B0A5
:106ED800B0F91C209DF87C408A42BDF870A0BDF82E
:106EE80074B09DF87850039440F3C480B0F91E60E4
:106EF800664540F3BF802EB205EB450E049601EBC4
:106F08004E06002E40F3B6800CEBC40624B2002EC9
:106F180040F3B080DA450F46804600F0AE80C18D60
:106F2800B0F936000F4439B2BCB288420E46049418
:106F380040F3A080B8F83010B8F938708C440FFAD4
:106F48008CF41FFA8CF1A742059140F3938006EB6D
:106F58004E01B8F93290B6460996494540F38A8001
:106F6800039EB8F9341004EBC60C06948C4540F324
:106F7800818003EB8303079398F8B830002B00F067
:106F8800CB81002E76D06B1EB24F04FB02E6079829
:106F9800DBB24FF0080CCDF820A0AA4603F1010996
:106FA800D8F8B43003EB46067B1D07440344079327
:106FB8000123CDE90B7C0693039B234418B20CE014
:106FC800013406EB420624B2A04200F09381B8F9DE
:106FD8003830A3424EDDB8F93410A142F0DC0B9DE5
:106FE800069915F8013B1942089B0CBFDE469E46E0
:106FF800BAF1000F00F040833146099BA4460A907D
:107008000AEB03073046BFB2CDE90453B8F9325052
:107018005A1C9D4294B205DCB8F936509D42C8BF4F
:10702800A0F800E0A74200F1020013B2EED106EB8F
:107038004906DDE904524A4413B2079A954200F022
:107048001E8115F8012B06980242089A0CBFDE46ED
:107058009646D5E70523BDF90C20514640460097D2
:10706800FEF714FB039B7600049A01339BB293420C
:10707800039319D113B0BDE8F08F012D03EB8303FF
:1070880057D1039A012A54D10CF10801714A0126FB
:10709800CDF80CC089B20491511D1A4401EB0309C3
:1070A8003B46574605929A46059B002213F8011B5A
:1070B8001446314218BF42F0010499454FEA440290
:1070C800F4D114F07F04CDD01F2CC3D00025BDF916
:1070D8000CB004E06400013514F0FF04C2D01E2C8B
:1070E80000F0FA8004F01C0304F018021C2B14D0E2
:1070F800182A00F0A380E206ECD505EB0A01A400EB
:107108003B465A4609B24046FEF794F904F01C0380
:10711800023504F018021C2BEAD105EB0A010323FF
:107128005A46404609B2009724010435FEF7AEFAE4
:10713800D8E76900474ACDF820800020099105EB7F
:107148004501B8464FF001090791511D9A18274685
:1071580001EB030BAB000C920F9305EB8503CDF805
:1071680034C00E93082305932B4655469A460C9B2C
:10717800002213F8011B144611EA090F18BF42F048
:1071880001045B454FEA4402F3D183B214F07F0453
:10719800069368D0039A1F2C12FB03F20D9B1A4426
:1071A80012B259D0CDF828900026CDF82CB09146CF
:1071B800DDF820B006E06400013614F0FF04B6B232
:1071C80000F095801E2C7AD004F01C031C2B16D0DE
:1071D80004F01803182B23D0E306ECD51AFB06811C
:1071E800A400049B4A4609B258460236CDE9007508
:1071F800FEF782FB04F01C03B6B21C2BE8D11AFB85
:1072080006812401079B4A4609B258460436CDE94F
:107218000075FEF771FB04F01803B6B2182BDBD12A
:107228001AFB06810336099B4A4609B25846E40010
:10723800B6B2CDE90075FEF75FFBC9E705EB0A01B9
:1072480002235A46404609B20097E4000335FEF788
:107258001DFA47E7C80700200E9B41460898CDE96C
:107268000075FEF749FB059B4FEA49090698013B63
:1072780001309BB20593002B7FF479AFFAE63246D2
:107288000A980E4664461146BAF1000F14D00AEB6C
:10729800030C1FFA8CFCB8F932705A1C9F4295B245
:1072A80005DCB8F936709F42C8BFA1F800B0AC45FC
:1072B80001F1020113B2EED1B8F91C2080E61AFBE5
:1072C80006864A460F9B31B20898CDE90075DDE97C
:1072D8000A9BFEF711FBC6E705EB0A010423BDF97B
:1072E8000C20404609B20097FEF7D0F9BAE6DDE96E
:1072F8000A9BB8E70C9B013B13F0FF030C933FF488
:10730800B9AEB8F93830A3427FF7B4AE069BB8F9E6
:1073180034105B0006934FE605EB45034FEA430C38
:10732800039BDA00099B994506DD1FFA89F3049E41
:10733800CE46F61A0493B4440EFA8CFE864500F342
:107348009181E146A14205DD8BB20691059905932D
:10735800C91A0A44069B03FA82F3BB4200F37F81F1
:107368001746D8F80830D8F80C0010930723119363
:10737800DDE91012FDF7F2FBD8F8A830002B00F079
:107388007581D8F898200F921AB1D8F89430C2F8BD
:107398008830049A531E9944059B013B1FFA89F9CA
:1073A8001F44BBB20693B8F8EC33934203D1B8F844
:1073B800EE334B453CD0D8F8AC10404641F00701BD
:1073C800FDF7A0FCD8F818702A2340467B6698F889
:1073D800A430013388F8A430FDF770FCD8F8B01059
:1073E800404641F4001141F00F01FDF78BFC049E6B
:1073F80040467E6698F8A420013288F8A420FDF75C
:107408005DFCD8F8B010404641F4001141F00F017E
:10741800FDF778FCC7F8649098F8A430404601332B
:1074280088F8A430FDF74AFCA8F8EC63A8F8EE93B6
:10743800B8F8F033059A934204D1B8F8F233069AB3
:1074480093423DD0D8F8AC10404641F00701FDF713
:1074580059FCD8F818702B2340467B6698F8A4305E
:10746800013388F8A430FDF729FCD8F8B01040465D
:1074780041F4001141F00F01FDF744FC059B404623
:107488007B6698F8A430013388F8A430FDF716FC21
:10749800D8F8B010404641F4001141F00F01FDF753
:1074A80031FC069E40467E6698F8A430013388F881
:1074B800A430FDF703FC059BA8F8F263A8F8F033A5
:1074C800D8F8AC10404641F00701FDF71BFC2C230F
:1074D800D8F818604046736698F8A430013388F8E5
:1074E800A430FDF7EBFBB8F938C0644580F29B8007
:1074F800039B002B00F09780704B012207994046B0
:1075080004925A1D0B440827E646A0460C935318CC
:107518000E960593CDF818A0B0F934C00D97002742
:1075280061460AE00137039B08F10108FFB20FFA30
:1075380088F8BB4269D9F04567DA8845F2DBDDF89F
:107548003090049A19F8013B1A42069B0CBFDA46A0
:107558009A46002D00F0A180099CCDE907874F4687
:10756800CDE90AE105EB0409B0F932801FFA89F682
:1075780004E00134A3B224B2B3420ED04445F8DB90
:10758800B0F93630A342F4DD013400225146FDF74C
:107598001BFDA3B224B2B342F0D1059B0FFA89F4C4
:1075A8009F4208D017F8013B049A1342069B0CBF70
:1075B800DA469A46D6E7DDE90787DDE90AE1002DD4
:1075C800B0D02E192B46B0F932905D46B6B2F246CD
:1075D8009B46079104E00134A3B224B2B3420ED013
:1075E8004C45F8DBB0F93630A342F4DD0134002213
:1075F8002946FDF7E9FCA3B224B2B342F0D15B46B9
:10760800D646AB4607991D468CE70D9F7B1E13F0A7
:10761800FF0706D0049BF0454FEA43030493FFF6A7
:107628007BAF0E9E8046D8F8AC10404641F007016B
:10763800FDF768FB00234046736698F8A4300133D1
:1076480088F8A430FDF74AFB0F9A1AB1D8F894309D
:10765800C2F88430D8F80C00FDF70AFB0AE5059B50
:10766800FF1A7EE6049BA0EB03096BE6D8F81830F6
:107678001B6EC8F89C3084E6079F9446AF422B46A1
:1076880007D013F8011B0235069A0A4203D19F421C
:10769800F4D1624694E41D46F0E7059C4C454B4600
:1076A8003FF440AF13F8012B09F10209049E16427A
:1076B80002D19C42F2D135E79946EFE7C80700208E
:1076C8002DE9F04F446D87B0002C00F0D4800A29D2
:1076D80000F0B5800D2900F0B88094F80EC08C45F4
:1076E80000F2B68094F80FE08E45C0F0B180A1EBAF
:1076F8000C0194F812C001FB0CF19A46A36890465D
:107708008146624620680193FDF7FCF9019B03223C
:1077180000211D182846FDF7F5F90646002840F017
:107728009480E27C284603210192FDF7EBF9019A47
:1077380003902846D11C227DCDE90112FDF7E2F91C
:1077480083462846DDE901121144627DCDE9011224
:10775800FDF7D8F90123DDE9011202F1FF3C1144DC
:1077680003FA02F203FA0CFC0291821A1CEA000FD7
:1077780018BF1746A27D08BF074628460192FDF7A5
:10778800C1F9012384462846DDE9012102F1FF3EC3
:10779800114403FA02F203FA0EF3ACEB020213EA05
:1077A8000C0F14BF15466546E27D0295FDF7AAF950
:1077B800BAF80020637E02991344B8F8002099F8BB
:1077C80050E0A3EB0B033A4405905B1A0399CDF8FC
:1077D80010A00BEB030C51181BB2CDF804800FFA64
:1077E8008CFC12B209B2BEF1000F04D0B9F91CE04A
:1077F8008E45C0F203811098B0F900409442C8BF8A
:107808000280119AB2F900209A4201DD119A138080
:10781800129BB3F900308B4201DA129B1980139B3B
:10782800B3F90030634502DA139BA3F800C0019A4C
:10783800059813881844108007B0BDE8F08F002120
:107848001180227E19880A441A8007B0BDE8F08F9B
:1078580094F810E08E45F8D8657C8D42F5D3A1EBFD
:107868000E0194F80FE07144A1EB0C0194F812C0DA
:1078780001FB0CC141E7D0F874C0BCF1000F7ED009
:107888000A2972D00D29E0D09CF809509CF808E02C
:107898008D42DAD37145D8D3DCF80450A1EB0E0140
:1078A80090F8506005EBC1019CF80A50B2F900E06D
:1078B80091F806C0AB460CEB550CCD784FFA8CFA14
:1078C800A84691F802C00D7991F90510A9460F460E
:1078D80090F84310002E00F0A88007EB0C05B0F9D3
:1078E8001C6001FB05E5B54240F39F80148090F8C9
:1078F80044101C8801FB0B441C80B2F900E090F88E
:10790800431090F8443007FB01EE109D0AFB034436
:107918000CFB01E0B5F9005008FB03430FFA8EFC9D
:10792800013889B2013B654524B200B21BB202DDC1
:10793800109DA5F800C0119DB5F900C0A445C8BFA9
:107948002C80129CB4F90040844201DA129C2080F9
:107958001398B0F90000984201DA1398038013884D
:1079680019FB013EA2F800E06FE7148090F844008C
:107978009CF80A101A8800FB01221A8065E70A2978
:1079880055D00D293FF461AF90F85010B2F900E0DE
:10799800002955D190F84310B3F9004090F84400FD
:1079A800129D04EBC0004FF00604B5F900C011FBAE
:1079B80004E40138013CA445B8BF2C80139CB4F9F9
:1079C8000040844201DA139C2080109CB2F9000028
:1079D800B4F90040844201DD109C20801198B3F96D
:1079E8000030B0F90000984201DD11980380138837
:1079F80001EB410103EB4103138026E7A8F800607F
:107A0800BAF80020237E02991344AAF80030CB1854
:107A180003990BEB03021BB20FFA82FCB8F80020A3
:107A2800174439443AB209B2E5E61C8869E7A2F876
:107A380000C090F844101A8802EBC1021A8004E7CB
:107A480090F843104FF00604B0F91C5011FB04E401
:107A5800AC42A1DDA2F800C090F844101C8804EBE9
:107A6800C10424B21C80B2F900E090F8431095E7F5
:107A78002DE9F04788B0119CBDF8405023800C4692
:107A88001299ADF8163000230D8014990B801399C4
:107A98000B804FF6FF73B0F91C10ADF81C30ADF831
:107AA8001E30B0F91E30ADF81810ADF81A308AB390
:107AB8000646A5180DF11E0A0DF11C090DF11A084C
:107AC80006AF10AB0DF116023046CDE9029ACDE9AA
:107AD800007814F8011BFFF7F3FDAC42F1D1BDF9B2
:107AE8001C00BDF91810BDF91E20BDF91A308142DD
:107AF80005DC119C01302180401A139908809A42B4
:107B080005DB01321299D21A0B80149B1A8008B037
:107B1800BDE8F0874FF0FF321046E8E72DE9F04F57
:107B280089B08246149CDDE912CB029422B900295F
:107B38006CD109B0BDE8F08F90460FFA8BF20026A1
:107B48001C4604926746BDF908204FF001093546E6
:107B580003910793CDE9052C07E016B1039B002B91
:107B680034D10135002601375CB1013C09FA04F330
:107B780013EA080FF1D1E5B9013600250137002CC9
:107B8800F3D1DDE906C30CEB0304002D2DD1002E43
:107B9800CFD0039B002BCCD0BDF90830A11B0FFA26
:107BA8008BF25046129309B2BAF83E4033B213949E
:107BB80036E0059B791B5046009309B2BAF83C2081
:107BC8002BB20192049AFDF797FED5E7BAF83E204A
:107BD800B91B33B25046019209B2BDF90820009290
:107BE8000FFA8BF2FDF788FEBBE7BAF83C20611B61
:107BF8002BB25046019209B2BDF9082000920FFA43
:107C08008BF2FDF779FE002EC3D192E7C28F1BB22B
:107C1800BDF908400FFA8CF113920FFA8BF2129407
:107C280009B0BDE8F04FFDF767BE00BFB0F984307A
:107C38008B4252DDD0F874C02DE9F041C46F8846FC
:107C48009CF8083082B0DCF80470E61A9CF80A1038
:107C5800B0F982E007EBC60490F8445094F9063076
:107C680003EB510313FB05E18A42019131DBE17813
:107C78000B4405FB03E39A422BDA019937F83630B7
:107C8800521ADCF800C02A449C4494F90530013AA1
:107C980092FBF5F290F84350B0F9800015FB03030E
:107CA800A8EB0301A3782944013991FBF5F113FBF3
:107CB80002138022C3F3CC0103F007031CF8011060
:107CC80042FA03F3194214BF0120002002B0BDE8B4
:107CD800F081002002B0BDE8F0810020704700BFAD
:107CE8000D2900F00081436F1A7A8A4200F2FB8066
:107CF8002DE9F04F5C7AA1B08C42C0F0F1808C1A6B
:107D08005D6805EBC40296781292D2780A96002A2A
:107D180018BF002E159202D1202940F0E180129A56
:107D28009F7A92F90660029706EB570690F8507012
:107D380092F905C090F843B09FB10A9AB0F9207043
:107D48000CEB020E0EFB0B77B0F91CE0774508DD53
:107D5800478C90F844E0029A0EFB0277478400278C
:107D680007841B688246C28F0493838F35F834904A
:107D780093421A910893099200F0B680129A008CE7
:107D880015790A9ABAF82E3005FB0BF40CEB0201B0
:107D980003448D421AB2ACBF191901FB0B310CFB1D
:107DA8000B33BCF1000F0FFA81F803921BB210934A
:107DB800C0F28E811193039B1093BAF93650109B31
:107DC8009D4240F38A80BAF93030BAF92210029FF6
:107DD80019449AF978E09AF84430BAF9382017FB30
:107DE80003FC19930EFB031303EB5C031FB29BB256
:107DF800BA42059371DDBAF9323043456DDC059B13
:107E08006344BAF934C01BB29C4566DC02989A42B6
:107E1800A6EB5006A8BF1A46199B4545A6EB0E06C9
:107E28001C92BAF98220A8BF454616FB03F38A4282
:107E3800139558B2069002D00022AAF88420591E41
:107E48009AF8B8300791002B00F0BB82BAF81C20D2
:107E5800109DDAF8B43017FB025203EB4200069B80
:107E68000290002B00F03A85059BAE46139C013327
:107E7800039D53FA81F31EB2B0460AE00137BAF9FE
:107E88001C303FB200EB4300B74200F02481BAF93E
:107E980034C06745F2DBBAF93830BB42EEDD7445D1
:107EA800ECDD7346014604E0013302311BB29C420B
:107EB800E4D0BAF93220AA42B8BF2A469A42F3DC83
:107EC800BAF984209A4205DDB1F800C0BAF88620D4
:107ED8009445E9D0099A0A80E6E72044AAF82000E8
:107EE80021B0BDE8F08F7047159B002B00F0E280B1
:107EF8001FFA86F843449BB202930A9B002B00F0BA
:107F0800D88400275B46E24683463C460A9E002505
:107F1800780706D109F10102049911F809401FFAFE
:107F280082F9072E2AD9FF2C28D19BF844200AEB86
:107F380005000092BBF8221012FB0812BBF82010B3
:107F480000FB0311BBF83C0012B2DB00019009B240
:107F58005846FDF7D1FC08221346F61A04FA02F235
:107F68001F4416F0FF06D4B200F098842B4478071B
:107F7800DDB29BF84330CDD0072ED4D8032E15D9C7
:107F880004F0F002F02A56D004F0E002E02A6BD0A8
:107F980004F0C002C02A35D0220617D40135013EAC
:107FA80064000137EDB2F6B2E4B2B1E7ECD0012ECD
:107FB800EED121060AD408F10108029A1FFA88F8BE
:107FC800424575D064000137E4B29FE7012B9BF866
:107FD8004400BBF82010BBF82220BBF83CC001D1FC
:107FE80001285BD010FB0822CDE9000C0AEB050044
:107FF80012B200FB0311584609B2FDF77DFC0122BD
:108008001346AAE79BF844200AEB05000092BBF848
:10801800221012FB0812BBF8201000FB0311BBF85A
:108028003C0012B25B00019009B25846FDF764FCAF
:108038000222134691E79BF844200AEB05000092C0
:10804800BBF8221012FB0812BBF8201000FB03112A
:10805800BBF83C0012B29B00019009B25846FDF7EC
:108068004BFC0422134678E79BF844200AEB0500F2
:108078000092BBF8221012FB0812BBF8201000FB7C
:108088000311BBF83C0012B203EB4303019009B2A1
:108098005846FDF731FC032213465EE7514442443B
:1080A80063465846294412B209B2FDF7C3F9A6E758
:1080B800DA469B460022BAF82030AAF88420129AA1
:1080C800127902FB0B33AAF8203021B0BDE8F08FFB
:1080D8000023119371E60290159B002B00F0E780B6
:1080E800BAF938304646434540F3E180199A002AE8
:1080F80000F0F7830BF1FF33119A10990024DBB2DB
:10810800CDF83090029F03F1010C531E17925B1AB1
:10811800E1461D919BB2CDF814B00133CDE90E4470
:108128001893199BCB460F9A33441B943C461BB2B9
:108138000B930A9BD318DBB20693531CDBB2149340
:1081480002F00703169312E00F9B0E980C9A0D93FA
:10815800BAF91C30013604EB43040B9B36B29E423D
:1081680000F0DC80BAF93830B34240F39E80BAF9A7
:108178003430B342E8DCDDE910318B4280F2E5802F
:1081880022468946BAF93200591C98420EDCBAF9DF
:10819800360098420ADDBAF98400984204DD108856
:1081A800BAF88630984201D0099B13800BB202328C
:1081B8009945E7D1189B179904EB4307119B0A9A35
:1081C800002A00F0BD80069A149D0D92169A002A86
:1081D80065D10C9A9E46511C0498A846805C8AB2C8
:1081E8000599002900F02C83B1460792059A46B2FA
:1081F8008446029402EB0E013A4609B2BAF93200FB
:10820800984214DCBAF93600984210DD002E28DBBB
:10821800039898420BDCBAF98400984205DD10886F
:108228000446BAF88600844201D0099810800133C8
:1082380002321BB28B42E1D1069ADE444FEA4C006F
:10824800029C954207EB4B07C0B20FFA8EF30ED093
:10825800013518F0070FEDB206D1079A4E469E4633
:10826800B9E708981080E2E7A8469E46BEE7079A55
:108278004E467146139D9D427FF76AAF4B1CDDF851
:1082880024E0AC461BB2BAF93250591C02379D4261
:10829800D8BF27F802EC9C450BB2F4DC58E7DDF8B0
:1082A80050809E460E980C9A9AE7B04602941C9B02
:1082B80043456BDDDDF824C04146139C1C9FDDF867
:1082C80040E0039D029E07E00131BAF91C3009B273
:1082D80006EB43068F4259D0BAF934308B42F3DCAF
:1082E8007445F1DD7346304604E0013302301BB2B9
:1082F8009C42E9D0BAF93220AA42B8BF2A469A422B
:10830800F3DCBAF984209A4205DDB0F80080BAF8A7
:1083180086209045E9D0A0F800C0E6E727461B9CD8
:10832800159BD9460134A34200F0B582BAF938301A
:10833800B34240F3B0820D9B0C92CDE90E03F0E6F8
:108348000F9A0E980D920C9A94E71D992746109B48
:1083580035E7DAF8AC10504641F00701FCF7D2FCDB
:1083680000235046C8F864309AF8A43001338AF8DC
:10837800A430FCF7B3FC169B23B1DAF89430169AB4
:10838800C2F88430DAF80C00FCF772FC139BDAF8B8
:108398003C10BAF82E20AAF88430BAF82030CAF86F
:1083A80086101A441A999AF843B0CAF87C10AAF8A9
:1083B8008020BAF83010BAF822200A44AAF882209D
:1083C8007DE6DAF80830DAF80C001E9307231F93CD
:1083D800DDE91E12FCF7C2FBDAF8A830002B00F02A
:1083E8007782DAF8982016921AB1DAF89430C2F83F
:1083F8008830109BBAF93260BAF93420B342089237
:10840800B8BF3346BA421FFA83FB139BCCBF95B261
:10841800059D013B9CB21C9B013B9BB20293BAF8A1
:10842800EC335B4503D1BAF8EE33A3423DD0DAF81A
:10843800AC10504641F00701FCF764FCDAF81880EC
:108448002A235046C8F864309AF8A43001338AF8D1
:10845800A430FCF733FCDAF8B010504641F40011B0
:1084680041F00F01FCF74EFCC8F864B09AF8A4304C
:10847800504601338AF8A430FCF720FCDAF8B01033
:10848800504641F4001141F00F01FCF73BFCC8F8DD
:1084980064409AF8A430504601338AF8A430FCF7B7
:1084A8000DFCAAF8ECB3AAF8EE43BAF8F033AB42E5
:1084B80004D1BAF8F233029A93423ED0DAF8AC10FB
:1084C800504641F00701FCF71DFCDAF818802B2311
:1084D8005046C8F864309AF8A43001338AF8A430BA
:1084E800FCF7ECFBDAF8B010504641F4001141F00B
:1084F8000F01FCF707FCC8F864509AF8A4305046FE
:1085080001338AF8A430FCF7D9FBDAF8B0105046EA
:1085180041F4001141F00F01FCF7F4FB029C5046B6
:10852800C8F864409AF8A43001338AF8A430FCF7FC
:10853800C5FBAAF8F053AAF8F243DAF8AC10504693
:1085480041F00701FCF7DEFB2C23DAF818805046CF
:10855800C8F864309AF8A43001338AF8A430FCF7DC
:10856800ADFB069B9BB3059B079A0133139D53FAFA
:1085780082F30FFA83FB03E001373FB25F4527D050
:10858800089BBB42F8DCBAF93830BB42F4DD109BDB
:108598009D42F1DD1C4609E0BAF8861000225046DB
:1085A800FCF712FD013424B2A542E5D0A6423A46B2
:1085B800F8DC21465046FFF739FB0028ECD1039B35
:1085C800A342CCBFBAF88810BAF83E10E6E7BB461B
:1085D800159B002B00F0FD800021BAF93800CDF87A
:1085E8005C808C460C4606914946DDE910539D4255
:1085F800B8BF1D460795834580F2E9809AF8443054
:10860800002B00F0DF800A9A0027069D149402EBE5
:108618000509089D5FFA89F2059262460FE0DDF8C8
:1086280018C09146029101370BF1010BFFB20FFA06
:108638008BFBBB4240F2C180834580F2BE805D4522
:10864800EDDCDDE91034A34224DA02951C468846A5
:10865800079D9146099009E0BAF886100022504615
:10866800FCF7B2FC013424B2A5420FD0A642F9DCD3
:10867800BAF936105A46A142F4DD21465046FFF7B2
:10868800D5FA0028E8D1BAF83E10E7E7029D41463E
:108698004A4609980A9B002B00F0CD809AF843308F
:1086A800B146DDF814C0029109950B91DDE9068405
:1086B800CDE90E20464690461A46CDE90C7C06F1D7
:1086C800010E16F0070F5FFA8EF606D1029B04988A
:1086D800591C10F803808BB20293FAB100254FFAA7
:1086E80088F7A14514DCBAF93630A34210DD002F13
:1086F80051DB5A4621465046FFF798FA002842D0E7
:10870800BAF8861000225046FCF75EFC9AF843201F
:1087180001350134EDB224B2AA42E2D8059B4FEAF2
:10872800480C9E425FFA8CF8C9D14E46099D0B99B8
:10873800C146DDE90C7CDDE90E20139BA34239DD3F
:108748000995E046139D0D90CDE90B19914609E076
:10875800BAF8861000225046FCF736FC631C1CB29F
:10876800A54221D0A6425A46F8DC21465046FFF7DA
:108778005DFA0028ECD1039BA342CCBFBAF888105D
:10878800BAF83E10E6E7039BA342CCBFBAF88810BC
:10879800BAF83E10B6E70022BAF83C105046FCF78B
:1087A80013FC9AF84320B3E74A46099D0B99C4463F
:1087B800DDE90C909AF8443035E7CDF818C0CC467E
:1087C800149C02990134159B9C427FF414AFDDF888
:1087D8005C801C9B5B457FF7BCAD139D1C9FDDF83F
:1087E800209006E00BF1010B0FFA8BFB5F453FF47D
:1087F800B0ADD945F6DC109B9D42F3DD1C4609E07F
:10880800BAF8861000225046FCF7DEFB013424B289
:10881800A542E7D0A6425A46F8DC21465046FFF763
:1088280005FA0028ECD1039BA342CCBFBAF8881004
:10883800BAF83E10E6E7DDE906C4914602917CE706
:1088480002930794069C6B1C4FEA800C7146A54264
:10885800DBB202F1010916D005F1020815F0070F85
:108868005FFA8CF05FFA88F505D104991D46885C9B
:108878001FFA89F2E6E7069CA34209D05B07E1D11B
:10888800029B079CA7E44000029B079CC0B2F1E44E
:10889800029B079CEEE4B046029708E508F1010840
:1088A800029B1FFA88F8434529D09BF84330FFF70D
:1088B8002DBB029A08F1010308F102089BB21FFAC6
:1088C80088F89A423FF4F6AB4245F3D1FFF7F2BB82
:1088D800DAF818301B6ECAF89C3082E5B846FFF704
:1088E800FBBB199A159805E090423FF4E0AC43456C
:1088F8007FF7DDAC511C02328842F5D1D7E4DA4665
:108908009BF843B0FFF7D6BB2DE9F04782B08A4603
:108918000446B0F96C30B0F96E1002AFB0F96A20B5
:1089280058008A4500F1070020F00700ADEB000D64
:1089380032DA0DF1080802EB0A0516464FF0010974
:108948002AB2B4F9681020460135CDE90098FDF740
:1089580053FBB4F96C3032B2B4F9681020460136D2
:10896800CDE90098FDF7DAFDB4F96A20B4F96E1084
:10897800B4F96C300A44AA42E2DCA2EB0A02B4F869
:108988004050B4F96810204612B2CDE900A5FCF7B2
:10899800B3FFBD46BDE8F0870A44EEE7B0F82EC045
:1089A8006144B0F932C070B59E468BB209B284B04A
:1089B8008C4500F31E81B0F936C08C4540F319810F
:1089C800B0F830C0B0F9344062440FFA82FC95B276
:1089D800644500F30E81B0F93820624540F30981FF
:1089E80090F8B820002A40F0FD80B0F8EC237446D7
:1089F8009A4203D1B0F8EE239A4268D00022D0F808
:108A0800AC10029363F30F0241F00701019063F386
:108A18001F421646FCF776F901982A21029B8269C3
:108A2800516690F8A410013180F8A410116F8907DD
:108A380008D490F8A410D2F874C001F1FF3C09B131
:108A480080F8A4C05169C907F0D56B490190CDE9F8
:108A58000232D0F8B0301943FCF754F90198DDE937
:108A68000232536690F8A410013180F8A410116FF7
:108A7800890708D490F8A410D2F874C001F1FF3C1B
:108A880009B180F8A4C05169C907F0D55A490190C5
:108A9800CDE90232D0F8B0301943FCF733F9019828
:108AA800DDE90232536690F8A430013380F8A4302F
:108AB800136F9B0706D490F8A430516F591E0BB161
:108AC80080F8A4105369D907F2D5C0F8EC63B0F860
:108AD800F033AB4203D1B0F8F233AB425ED000239F
:108AE800D0F8AC10019065F30F0341F0070165F36E
:108AF8001F431E46FCF706F901982B23826953662B
:108B080090F8A430013380F8A430136F9B0706D483
:108B180090F8A430516F591E0BB180F8A410536916
:108B2800D907F2D5D0F8B0303349029219430190F1
:108B3800FCF7E8F80198029A556690F8A4300133DA
:108B480080F8A430136F9B0706D490F8A430516FB7
:108B5800591E0BB180F8A4105369D907F2D5D0F883
:108B6800B0302549029219430190FCF7CBF80198DF
:108B7800029A556690F8A430013380F8A430136F38
:108B88009B0706D490F8A430516F591E0BB180F89A
:108B9800A4105369DD07F2D5C0F8F063D0F8AC1023
:108BA800019041F00701FCF7ADF801982C23826988
:108BB800536690F8A430013380F8A430136F9907F6
:108BC80006D490F8A430516F591E0BB180F8A41048
:108BD8005169CB07F2D50022214604B0BDE87040A8
:108BE800FCF7F2B9828BD0F8B4301CFB021C23F8D6
:108BF8001CE004B070BD00BF0F0020002DE9F04F4D
:108C0800456D9BB0AC7B8C4207D8EB7B8B4204D381
:108C1800091BAA7C02FB01F10FE02A7C8A4200F2C0
:108C2800E6806B7C8B42C0F0E2800131EB7B19441B
:108C3800891AAA7C091B02FB01F1AE680446286860
:108C4800FBF760FF06440322002130460596B04634
:108C5800FBF758FF0790002840F0C980EF7C0321FC
:108C680030463A460337FBF74DFF2E7D394682469C
:108C780032464046FBF746FF3E446F7D069031463C
:108C88003A464046FBF73EFF7B1E0122814602FA28
:108C980003F3034202D0BA40A0EB02093744DDF8DF
:108CA80014B0AE7D3946584632463744FBF72AFFA2
:108CB800721E012395F81780394603FA06F6934089
:108CC80042460342A0EB060608BF06465846FBF795
:108CD80019FFB4F920300C90002BC0F2D48003EBBC
:108CE800090BBBF1000F04DAA3EB09034FF0000BEB
:108CF80023840AEB0B03B4F91C1094F850208B4220
:108D080078DCB4F92230002A40F0848094F870208E
:108D180022B194F87120002A40F09D80B4F91E20F9
:108D28009A4264DD069A08EB0709E18FA08F164482
:108D380095F819C081420A919C440D901292ACEBAF
:108D4800060C00F0A480B4F92E202E7E02EB0B0551
:108D5800B4F920100AEB05000A4408950990B4F903
:108D6800300000EB0C0703440C98BB421E4410442F
:108D78000B97A8BF3B46AA42A8BF2A4623EAE3733B
:108D88001546099A9042B8BF104625EAE572069D35
:108D98000F92B4F9362005EB070BB4F93250904224
:108DA800CDF838B0A8BF10465E4500F1FF371090E7
:108DB8000F98B8BF5E461197BD42D8BF9042B4F92C
:108DC8003800ACBF012200228642A8BF0646834273
:108DD800A8BF42F00102B4F934001496013E13967C
:108DE80012B9B04240F3F3800C9B591821841BB090
:108DF800BDE8F08F002AFAD0B9F1000F628C4FF06D
:108E0800000BB4BFC9F10003002323842B7E134455
:108E18001BB2638494F87020002A3FF47FAF94F863
:108E28007120002A3FF47AAFB4F968100AEB0B00FE
:108E3800B4F96C200A4490420DDDC9F100024FF0EC
:108E4800000B12B231EA290128BF114621842A7E7B
:108E580013441BB26384B4F96E10B4F96A200A444F
:108E6800697E521A93427FF759AF297E2046FFF751
:108E78004BFD656D638C2A7EB4F868109B1A2184BB
:108E88001BB263844AE70023CB46238429E794F87E
:108E98005800012857D9069B002B00F08B80BAF1A7
:108EA800000F00F087806344012709F10706DDF809
:108EB80014900693431E26F00706DDF81C809F4099
:108EC800CDF820B0CDF81CA0FFB2079B45460FFA9D
:108ED8008CFB01469844089BCDF814C0A3EB050A07
:108EE80003E001350E44A84524D094F85BE0F2086D
:108EF800B5FBFEFC0EF1FF330EFB1C5C19F80220DB
:108F0800A3EB0C0394F85AC013FB01F3DBB21A412C
:108F180002EA0C02BA42E4D30AEB05010135A38F39
:108F28005A4609B22046FFF739FD94F85810A8456B
:108F38000E44DAD1DDF814C00846069B0CF1010C8A
:108F48009C45C2D136E0002A34DD129D6746DDF823
:108F5800148005944FEAD9036FEA090209F1010167
:108F680018F8033002F007021341D80727D4012468
:108F7800894600260695AAEB060549464046202D57
:108F8800A8BF20252A46A944FBF7BCFD06EB0B0128
:108F98002E44024600912B4600210598CDE9017424
:108FA800FEF7BCFDB245E6D8069D27442D1B002DD3
:108FB800D0DC059C238C0C9AD318238417E7032252
:108FC8004046FBF79FFD09F10401841CD0E794F8A3
:108FD800B820002A00F0E880B4F91C200F9ED4F8CD
:108FE800B41003FB02650B9F01EB4505BB420E95D0
:108FF80026DAC6EBC671B646DDF828C0109E06E034
:10900800013305EB42059F4219D0B4F93400984268
:10901800F6DCB4F938009842F2DD11988645EFDCA9
:1090280005EB41087246B4F932009042D8BF28F8DF
:1090380012C001329642F6D1B4F91C20E0E70E9531
:1090480094F858C0069BBCF1010F40F23F82002BF8
:1090580075D009F10703CDF818C0DDF8449023F066
:10906800070EDDF838C00B9DDDE90F31CE1A9846A2
:10907800C8455CDC0CEB460043466246B4F93270E6
:109088009F424EDCB4F936709F424ADDB4F9347021
:10909800AF4246DCB4F93870AF4242DD089F9F42C8
:1090A8007FDC099999427CDD06994FEADE0A94F83B
:1090B8005B708E44059994ED187A11F80A100B919B
:1090C8000799B1FBF7FA07FB1A1A0131013F07911B
:1090D800A7EB0A07069994F85AA017FB01F70B9912
:1090E800FFB241FA07F707EA0A0107EE901AF8EE0D
:1090F800E77AD4E9127167EE877A7F1AFCEEE77A8D
:10910800CDED0B7A9DF82CA007FB0AFA01EB5A1754
:1091180027F0784727F4F81727F4FC6747EA17473A
:109128001780023201338242A8D1B4F91C200135DC
:109138000CEB420CAB459BD1CDF838C00B950B9B83
:1091480013998B423FF736AF0F9B0B98149DC3EBD7
:10915800C371013098460135109FDDF828E00E9E56
:1091680005E0013006EB4206A8423FF423AFB4F90C
:1091780034308342F5DCB4F938308342F1DD119B99
:109188009845EEDC06EB410C4346B4F932209A428E
:10919800D8BF2CF813E001339F42F6D1B4F91C2054
:1091A800DFE7E78F1780BCE78342B8BF0346E06874
:1091B80098460F9B9D42B8BF1D46A3681893072386
:1091C80015951993DDE91812FBF7C8FCD4F8A830F7
:1091D800002B00F01583D4F898501DB1D4F89430C2
:1091E800C5F88830BDF85420B4F8EC33BDF8441005
:1091F800BDF84C0093420D910A9003D1B4F8EE33B8
:109208008B423FD0D4F8AC102046169241F00701AB
:10921800FBF778FDA7692A212046796694F8A410FF
:10922800013184F8A410FBF749FDD4F8B0102046AA
:1092380041F4001141F00F01FBF764FD159B204636
:109248007B6694F8A410013184F8A410FBF736FD6E
:10925800D4F8B010204641F4001141F00F01FBF79B
:1092680051FDBDF844102046796694F8A4300133C6
:1092780084F8A430FBF722FD169A0D9BA4F8EC2382
:10928800A4F8EE33B4F8F0331FFA88F2934204D10D
:10929800B4F8F2330A9A93423DD0D4F8AC10204681
:1092A80041F00701FBF72EFDA7692B2220467A66BD
:1092B80094F8A420013284F8A420FBF7FFFCD4F82A
:1092C800B010204641F4001141F00F01FBF71AFDE0
:1092D800C7F8648094F8A4202046013284F8A420BA
:1092E800FBF7ECFCD4F8B010204641F4001141F033
:1092F8000F01FBF707FDBDF84C2020467A6694F86D
:10930800A430013384F8A430FBF7D8FC0A9BA4F8F6
:10931800F083A4F8F233D4F8AC10204641F00701EA
:10932800FBF7F0FCA3692C2220465A6694F8A43077
:10933800013384F8A430FBF7C1FC0B9B434521DDC6
:109348002046CDF828900D95C146109FDDF8548031
:109358000B9D119CCDF84CA0444509DBC68FC24635
:109368000AF1010A00223146FBF72EFE5745F7D1D4
:1093780009F101094D45EFD1DDF8289004460D9D0E
:10938800DDF84CA094F85830012B069B40F2688118
:10939800002B00F03A8209F10709DDF82C800B95C3
:1093A80029F00709DDE90FA7119B9A4561DCB4F99B
:1093B800326055460696069B9D4257DBB4F9363017
:1093C800AB4253DDB4F9343043454FDCB4F938309F
:1093D80043454BDD089BAB4272DC099A4FEAD9033F
:1093E8002046AA42CCBF00220122002A68D1059952
:1093F800079ECB5C94F858E00A9394F85B3094F895
:109408005AC094ED187AB6FBF3F103FB1161013BE6
:109418000A9E5B1A13FB0EF3DBB246FA03F303EA68
:109428000C0307EE903AF8EEE77AD4E9123167EECA
:10943800877AA3EB010CFCEEE77ACDED0A7A9DF86A
:1094480028300CFB03F301EB531121F0784121F490
:10945800F81121F4FC6141EA114189B2FBF7B4FD2E
:1094680007994B1C079394F8583099440135AF423B
:10947800A1D108F10108C34596D10B9D149B0E9A02
:10948800E78F9E1A109B159A9B1A03FB06F6012E6E
:1094980008DD013E204600223946FBF795FD013ED6
:1094A800F9D10446012239462046FBF78DFD1DB14E
:1094B800D4F89430C5F88430E068FBF7D9FB79E537
:1094C8000022E18F2046FBF77FFDCFE7002B7FF7D7
:1094D80036AE0F9BDDF82CB0C3EBC372DDF84480C9
:1094E8000E9F1692089A129DD31A17934FEAD90223
:1094F800059B6FEA09019A5C01F007010A4109F12D
:10950800010112F0010240F09A8016460B9AC146FA
:10951800A0463C46013212960E91931915950B936D
:109528005B46B8F934209A4203DCB8F938509D42BA
:1095380060DC274609944FF0000B089D1C46104636
:1095480003E093441144DA4537D9AAEB0B02202AE9
:1095580028BF2022A042F4DCB8F93860A642F0DD2A
:10956800561E012313FA06F6EBD04D45E9DC0598A3
:10957800CDE90612FBF7C6FADDF828C0DDF834E0BD
:10958800DDE90612B8F93230AB4208DCB8F93630FA
:10959800AB4204DD30420CBF634673463B8076081D
:1095A80005F1010507F1020701D0A945EADA93445C
:1095B800B8F934001144DA45C7D82346099C9842C3
:1095C80003DCB8F938209A422DDC01330B98B8F93E
:1095D8001C20834204EB4204A3D1159D2746129E0A
:1095E8004446C8468946691E8D1B002D34DDDDF8CA
:1095F8002CB07BE70F99089881422ADA169A0A9EBE
:1096080004EB42050A46B8F932109142D8BF25F852
:10961800126001329042F6D1179A0E9904EB420774
:10962800B8F9342086E74D45CFDC109A521B0A9DC5
:1096380007EB420227F8025B9742FBD1C5E70322FA
:109648001846FBF75FFA821C09F1040106D0461C94
:109658005CE727460E996DE70E9770E58946C6E7E1
:10966800002B40F3D2801695DDF82C80129DCDF8A2
:1096780018900699059ACB08D35CCA43013102F0C9
:109688000702134113F0010340F0A880994608F13E
:109698000100B4F934B000EB0903CDE90D1301461C
:1096A800CDE91259D84503DBB4F93830434571DCAC
:1096B800089B00250B9107930D9B06935B4602E0E0
:1096C8001544AA4541D9AAEB0502202A28BF202221
:1096D8009845F5DBB4F938104145F1DD02F1FF3B5F
:1096E800012111FA0BFB2AD05F46DDE90501CDE91E
:1096F8000923FBF707FAB4F932902346079E4C4634
:1097080081461846A6420CDBB0F93620B24208DD85
:1097180019EA070F4FF0000214BF818FC18FFBF7C2
:1097280053FC7F0806F10106ECD10799BBFA8BFBC5
:1097380004462031DDE90923A1EB0B0107910699C5
:1097480015441144AA450691BDD898459B460B99E6
:1097580003DBB4F93830434505DC0E9B8846994253
:1097680032D001319EE7079B119A9342F5DC03F151
:109778000109109BB4F83E8020465D1C0C4609F197
:10978800010900224146FBF71FFCA945F7D12146F4
:109798000446E2E70F9D089EB54289DAB4F9329093
:1097A80020460C4602E00135AE420AD04D45FADBB0
:1097B800B0F93630AB42F6DD0022C18FFBF704FC6E
:1097C800F1E72146044673E7DDE912596B1EA3EB66
:1097D8000905002D0EDDDDF838804AE703220598DB
:1097E800FBF790F90699831C01F1040104D000F1FC
:1097F80001094CE7169D41E6CDF838800691EAE765
:10980800A3691B6EC4F89C30E5E40B9B0E9335E608
:1098180090F82430F0B504468BB016460D46002B60
:1098280040F0B28090F82520002A40F08580EEB103
:109838002E4400270EE00B7E618C94F870200B44B8
:1098480063842AB394F8713013B3B4F8683023846E
:10985800AE420BD0616D15F8013B51B10A2BEAD02D
:1098680019462046FFF7CAF9AE42F3D101200BB0E2
:10987800F0BD626F9AB10A2B0CD1927A638C94F87E
:10988800441001FB0233638494F87030002BD9D163
:109898002784DDE719462046FEF722FAD8E70A2B87
:1098A80065D00D2BD4D094F87010B4F9222094F818
:1098B800440061B194F8711049B1B4F96A10B4F96F
:1098C8006EC06144A1EBC0018A4200F38F80B4F9F5
:1098D8002010039094F843000290E08F0190A08F2D
:1098E80000902046FDF7F0FA94F84320238C02EB11
:1098F800420094F8501003EB40031BB22384002964
:10990800A6D094F87010A2EB820200295CD094F8DB
:109918007110002958D0B4F96800B4F96C100144EA
:1099280001EB420199424FDA638C94F84420208479
:1099380003EBC20363848BE70DF1260200930492C4
:1099480009AA03920DF12202029208AA0192B2B268
:10995800FEF78EF8BDF8263033B1BDF8222002EBB1
:109968005302638C9B1A63840023A3845FE7638C90
:1099780094F8442003EBC203638494F87030002BFE
:109988007FF460AF278463E70DF126020023049279
:1099980009AA009303920DF12202029208AA0192E9
:1099A800B2B2FEF765F8BDF8243094F8252033B13B
:1099B800BDF8201001EB5301238C5B1A2384002A85
:1099C800C8D10023A38432E7B4F91C1001EB42028A
:1099D8009A42BFF63DAF94F84430628C03EB4303E0
:1099E80002EB430363840023238431E7C10020464C
:1099F800079301F0F801FEF787FF628C94F84400A2
:109A0800B4F96810A2EBC002079B218412B26284E9
:109A18005FE700BF03680A4A5B6800B5934283B0FA
:109A28004FF001028DF807100DF1070104D1FFF77F
:109A3800EFFE012003B000BD984703B000BD00BF92
:109A48004159000090F81CC04160BCF1020FC2608F
:109A580001D18368184700F083BB00BF304B314900
:109A680010B5D3E9114E9EF80400C8771A6C94F823
:109A780004C081F81CC0087752B1B2F5004F23D357
:109A880029495118274A1964D07682F81BC010BD9D
:109A980019680F24D86C8C6540F20134CA610C61D6
:109AA8004FF47C544C6103210468246883F83D100A
:109AB8001E4B9C4220D1037F4260022BC26020D102
:109AC8008368BDE8104018472468E18B090421D455
:109AD800E283DEF80010B4F81EE0A4F816E0CC8BA0
:109AE800240412D4CA83CA8BCA8200210D4A19647D
:109AF800D07682F81BC010BD23461146BDE8104041
:109B08001847BDE8104000F02BBBCC8B62F308046B
:109B1800CC83E8E7E18B62F30801E183D9E700BF72
:109B2800A00F002000800E400180FFFF755B000041
:109B3800304B314910B5D3E9114E9EF80400C8776F
:109B48001A6C94F804C081F81CC0087752B1B2F5B9
:109B5800004F23D329495118274A1964D07682F82F
:109B68001BC010BD19680F24D86C8C6540F20134F5
:109B7800CA610C614FF47C544C6103210468246869
:109B880083F83D101E4B9C4220D1037F4260022B7C
:109B9800C26020D18368BDE8104018472468E18B73
:109BA800090421D4E283DEF80010B4F81EE0A4F81A
:109BB80016E0CC8B240412D4CA83CA8BCA82002133
:109BC8000D4A1964D07682F81BC010BD2346114691
:109BD800BDE810401847BDE8104000F0C1BACC8B72
:109BE80062F30804CC83E8E7E18B62F30801E183C0
:109BF800D9E700BF500F002000800E400180FFFF12
:109C0800755B000043682DE9F04FD3E90041814DB1
:109C18004FF0B80922684FF00F0B22EA01027E4983
:109C28002260AA6911407D4A0A43AA6190F810E0AF
:109C38007B4A03EB0E0603EB8E0E317C02EB01111F
:109C48008968C1F8009090F811C003EB0C050CF17D
:109C58000A0C95F8241002EB01118968C1F80090EC
:109C6800817C03EB010803EB810198F838A002EB33
:109C78000A1ADAF808A0CAF80090D4F800905F68C9
:109C880049EA0709C4F80090347CDEF814E002EBD6
:109C980004146468C4F800E095F8244053F82CC014
:109CA80002EB04146468C4F800C098F83840C96B23
:109CB80002EB0412526811609A6C98F84410116013
:109CC8001A6A317F5B6B116095F830201A600222A6
:109CD80003681A61C3F858B0C27C002A32D072B641
:109CE800C37CDD0708D54FF0E0214469D1F8802115
:109CF80022408262C1F880219C0708D54FF0E021FC
:109D08008469D1F884212240C262C1F884215907AC
:109D180008D54FF0E021C469D1F8882122400263B8
:109D2800C1F888211A0708D54FF0E021046AD1F854
:109D38008C2122404263C1F88C21DF065CD462B6D4
:109D4800C27C0368374D8168A9425FD0314985607C
:109D58008969354CC1F30117C1F38261334E54F858
:109D680027400131B4FBF1F4B44230D80021C1607E
:109D780000241C6103245C620724196401211C6609
:109D8800196112B3D60704D5816A4FF0E023C3F8EE
:109D98000011950704D5C16A4FF0E023C3F80411F8
:109DA800540704D5016B4FF0E023C3F808111107DD
:109DB80004D5416B4FF0E023C3F80C11D30604D54A
:109DC800826B4FF0E023C3F81021BDE8F08F1849EB
:109DD800A1FB0461090DB4FBF1F4AC4288BF013169
:109DE800B1F5817F14D20229C0D902394C0804EB9D
:109DF800042441EA0421BAE74FF0E022416AD2F88C
:109E080090310B408363C2F8903198E7C168AFE79F
:109E18000849ACE700C00F40CFFFFFE3100000087F
:109E28005804002000093D0048040020FF083D00B8
:109E380083DE1B43FF7F7F00436893F84C208A42F0
:109E480009D093F84D208A420AD093F84E208A42CE
:109E580008D0002070470022134493F85C00704734
:109E68000122F9E70222F7E7436893F824208A429F
:109E780006D093F82500401AB0FA80F040097047E0
:109E88000120704743681A7C8A4205D0587C401AE2
:109E9800B0FA80F04009704701207047436893F892
:109EA80038208A4206D093F83900401AB0FA80F078
:109EB8004009704701207047436893F84C208A4254
:109EC80009D093F84D208A4219D093F84E208A423F
:109ED80017D00020704700200B4A03EB800C034486
:109EE80002EB0112DCF8501052681160DCF86420B3
:109EF80012B193F85F10116093F85C00704701206D
:109F0800EAE70220E8E700BF580400204268437CE3
:109F1800134493F824308B4207D092F824309942A6
:109F280004D092F82530994225D0704700218C46FC
:109F380030B51468D4F800E054681EEA040F18D04D
:109F4800DFF838E0B8250EEB03139C6802EB0C032E
:109F58000CF10A0C256052F82C4093F824C0526B7F
:109F68000EEB0C1EDEF804C0CCF8004093F830303D
:109F78001360417430BD01218C46D9E75804002094
:109F88004268037C13441B7C8B4205D0137C9942A6
:109F980003D0537C994224D0704700218C4630B5B9
:109FA8001468D4F800E054681EEA040F17D0DFF8EC
:109FB80038E0B8250EEB03139C6802EB0C0302EBA8
:109FC8008C0C126A2560DCF8144093F810C00EEB74
:109FD8000C1EDEF804C0CCF800401B7F136001742F
:109FE80030BD01218C46DAE7580400204268837CA2
:109FF800134493F838308B4207D092F8383099429E
:10A0080004D092F83930994225D0704700218C4607
:10A0180030B51468D4F800E054681EEA040F18D06C
:10A02800DFF838E0B8250EEB03139C6802EB0C034D
:10A0380002EB8C0C926C2560DCF83C4093F838C03D
:10A048000EEB0C1EDEF804C0CCF8004093F8443048
:10A058001360817430BD01218C46D9E75804002073
:10A0680010B572B6DFF8C0C0BCF8002091B903681B
:10A0780083B190F804E0BEF10F0F0CD842FA0EF449
:10A0880014F0010445D0264C7444B3EB441F02D1AC
:10A0980062B610BD002142FA01F3DB0707D5013192
:10A0A8001029F8D162B600230171036010BD0123A5
:10A0B8008B401A43ACF8002062B61A4A81F0030CB0
:10A0C8000171D36F43F0C003D367A2F5A03240F209
:10A0D8008243136002F58072114B02F8E61CCB181C
:10A0E80002F8E21C02F8E81C5B0102F8E11C9FED93
:10A0F8000A7B036083ED007B83ED027B83ED047BA9
:10A1080083ED067B1CF8023063F03F030CF8023045
:10A1180010BD2146BFE700BF00000000000000009E
:10A128008074000200C00F408421002003790F2BA7
:10A1380011D8094A937672B60849012290F804C0EA
:10A148000B8802FA0CF223EA02030B8062B6102293
:10A15800002302710360704700800E4084210020B4
:10A16800EFF3108272B6437F33B9017F012907D01C
:10A17800032911D0012343770AB962B670477047A3
:10A18800DFF868C0DCF80010F9B1164943610B68C4
:10A19800086083615861EDE700B5DFF854E01249C3
:10A1A800DEF800C0BCF1000F16D043610B68836174
:10A1B80058614FF0E0234FF0805C0860C3F804CD8D
:10A1C8000123437702B962B600BD064BCCF8000004
:10A1D8001860C0E90511CDE7C0E905CCCEF800004C
:10A1E800E7E700BF141D00200C1D0020081D0020FB
:10A1F800101D002070B5EFF3108272B60C4C206869
:10A2080080B10C4E00254369236073B19D6102B98A
:10A2180062B6836845779847EFF3108272B6206874
:10A228000028F0D102B962B670BD3360EFE700BF15
:10A23800101D00200C1D0020FFF7DCBF0449054A53
:10A248004968054B1960136801331360704700BFF4
:10A25800001000E06821002064210020704700BF42
:10A26800704700BF704700BF704700BF38B5064C45
:10A27800A4F1600554F8083C2046183CDB68984770
:10A28800AC42F7D138BD00BF101700200268002A81
:10A2980032D01A4B1A49D3181B1103EB430210B5DD
:10A2A800D20082B00446019302F108008B5808449A
:10A2B8000092DB689847009A12481149019B885020
:10A2C8000021226801209160D060FF200E4AD054FE
:10A2D8001378507892F802C0834228BF0346D0789A
:10A2E8000A4A634528BF6346834228BF034682F86B
:10A2F8007A30216002B010BD704700BF00BFF7BFC1
:10A30800C0160020BC0300205810002000E400E024
:10A31800074B0020DFF824C0064A0749C3F800C0ED
:10A32800C3F818C0C3F830C0C3F848C001F03EBE37
:10A33800C0160020601000209D630000BC030020B0
:10A34800084601F081BA00BF00B5036883B040F643
:10A358000D2C022201A95B68ADF804C0984703B030
:10A3680000BD00BF00B970472DE9F84F01218146B3
:10A37800224C234E234D54E8003F3268286844E8B5
:10A388000013002BF7D120494B684FF47A7BDFF894
:10A398007CA01B1A01270BFB02F8DAF80020A2FBAD
:10A3A80003235B4594BF9844D84454E8003F32687F
:10A3B800286844E80073002BF7D14B68DAF800C02E
:10A3C8001B1A0BFB02F2ACFB03C3B3F57A7F94BFF5
:10A3D800D21802F57A72A2EB0802B2F57A7F08D396
:10A3E800B9F1010F08F57A7809F1FF39DDD1BDE837
:10A3F800F88F01F0B9FA0449D7E700BF6C210020B3
:10A408006821002064210020001000E06021002065
:10A41800362812D802010C4B03EB00109B58C26877
:10A42800D3F804C01CEA020F03D039B1C3F8842062
:10A438007047836829B9054A1A607047C3F88820AD
:10A448007047034A1A6070475804002038300100EA
:10A4580038F00100362831D802011B4B012903EBE3
:10A4680000109B5800B55A68D0E902EC12D00429B4
:10A4780010D022EA0C025A60C9B102291FD0032960
:10A488004FF015020CBF114B114BCEF8003043684A
:10A498001A6000BD42EA0C0201295A6007D040F652
:10A4A8003803CEF80030436815221A6000BD3823FF
:10A4B8001522CEF8003043681A6000BD7047054B7E
:10A4C800CEF80030EFE700BF580400203830010014
:10A4D8003800010038F0010008B5F9F7B3FFF9F7C3
:10A4E800E3FF01F041FAFAE7844641EA000313F07A
:10A4F80003036DD1403A41D351F8043B40F8043B83
:10A5080051F8043B40F8043B51F8043B40F8043B45
:10A5180051F8043B40F8043B51F8043B40F8043B35
:10A5280051F8043B40F8043B51F8043B40F8043B25
:10A5380051F8043B40F8043B51F8043B40F8043B15
:10A5480051F8043B40F8043B51F8043B40F8043B05
:10A5580051F8043B40F8043B51F8043B40F8043BF5
:10A5680051F8043B40F8043B51F8043B40F8043BE5
:10A5780051F8043B40F8043B403ABDD2303211D385
:10A5880051F8043B40F8043B51F8043B40F8043BC5
:10A5980051F8043B40F8043B51F8043B40F8043BB5
:10A5A800103AEDD20C3205D351F8043B40F8043B85
:10A5B800043AF9D2043208D0D2071CBF11F8013B83
:10A5C80000F8013B01D30B8803806046704700BF49
:10A5D800082A13D38B078DD010F003038AD0C3F158
:10A5E8000403D21ADB071CBF11F8013B00F8013B3A
:10A5F80080D331F8023B20F8023B7BE7043AD9D3F9
:10A60800013A11F8013B00F8013BF9D20B780370CD
:10A618004B7843708B7883706046704701F1FF3C3C
:10A6280070B566464FF0000E01E00EF1010EB0FB6A
:10A63800F2F402FB1403092B03F1370598BF03F169
:10A6480030059042204606F8015FEED201EB0E037A
:10A6580000225A70BEF1000F11D0481C70440CF152
:10A6680002021CF8014F10F8015DA1EB0C03521A0D
:10A678008CF80050013B047073449A42EFDB0846A3
:10A6880070BD00BF72B6EFF30583524CC4F8843036
:10A698001EF0040F0CBFEFF30882EFF309824FF0AE
:10A6A800E0234D4DD3F8280DD3F82C1DC4E9220121
:10A6B800D3F8341DD3F8383DC4E924139369A8347A
:10A6C80044F8103CD36944F80C3C00F0A1F804EDC0
:10A6D800020A01F0F3FB0B2344F8040C4FF0FF329D
:10A6E8003E4844F8283C2B68202104355A4042F360
:10A6F8000003013903EA000383EA5202F7D1A542B5
:10A70800F1D1344BC3F8A820BFF34F8F4FF0E023AB
:10A718003149334AC3F8701FC3F8702FBFF34F8F06
:10A72800BFF36F8F2F4A02242F48D36E2F4943F46B
:10A738004053D3660460D3692D4823F07F0343F068
:10A748004003D3610B68834240D8274D00204FF067
:10A75800E0234FF0FF3228600121C5F808012548A1
:10A768000C460E46C5F80001C5F80811C3F880214B
:10A77800C3F88421C3F88821C3F88C21C3F8902139
:10A7880001E000F045F9D5F80C31002BF9D04F2C39
:10A79800C5F80C6104F10104F3D9174B02201749DD
:10A7A8004FF00042C1F840015A63D5F80C313BB96B
:10A7B800134814490C4A0163D2F80C31002BFAD023
:10A7C8004FF0E023104AC3F80C2DFEE701F038F9EA
:10A7D800BBE700BF00FF272080FF27202083B8EDBC
:10A7E800A0FF272000C00F40004008404C0F002069
:10A7F800803DCD0B009F240000900D4000002E40AE
:10A8080000800F40F100AD0B0400FA05FFF73ABFD6
:10A81800124AD2F880305B07FBD5D2F88030104856
:10A82800C3F30B230F4990ED007A07EE903A91EDB0
:10A83800006AB8EE477A0C4AF8EEE77A0B4BD2ED8D
:10A84800006A77EEC77A93ED007AB8EE477A67EE3A
:10A85800867A87EEA60A37EE400A704700810D40D7
:10A8680050210020582100205C2100205421002084
:10A87800836B70B586460E4610461BB1536843F489
:10A888000043536072B6DEF8342042B31B4B1060AD
:10A89800D3F8B02132421ED1194C656805E06268D0
:10A8A800A2EB050CBCF5166F0BD2D3F8402142F48D
:10A8B8008042C3F84021D3F8B811D3F8402152049C
:10A8C800EDD5314007D10D4ACEE90201D2F8B031B9
:10A8D8003343C2F8B031CEF8340062B670BD0749D0
:10A8E800CEE90202D1F8B0313343C1F8B031CEF825
:10A8F8003000CEF8340062B670BD00BF00002E40B4
:10A90800001000E070B5056B95B12B46002403E0FC
:10A918001B680134012B0CD05A681206F8D5036362
:10A9280006462CB12846B36B2D689847013CF9D1EF
:10A9380070BD00220023C0E90C23F1E700B501BB7C
:10A94800DFF8A0C0234B0021234A4FF0010E4FF03F
:10A9580001109960C3F800E0CCE902314FF0800C97
:10A96800C3F804C0C2F8BC01D2F8B0311B4843EAAE
:10A978000E03C2F8B0310160D2F8B031002BFBD120
:10A9880000BD0904164BDFF85CC04FF0010E41F022
:10A9980080019860104A596000F58051C3F800E0C2
:10A9A800D96000F50051CCF84830196100F54051E4
:10A9B80000F58040596100219861CCF84C10D2F81C
:10A9C800B03143F48033C2F8B031D2F8B031002B43
:10A9D800FBD1B7E74017002000002E40D820002008
:10A9E8006017002000000020074901220B788240F0
:10A9F80023EA02030B7033B9044AD2F8483123F032
:10AA08008003C2F8483170479821002000002E408A
:10AA18002DE9F047A64C82B0D4F84461F107C4F898
:10AA280044614CD5D4F8AC31002B43D0A14DA24F92
:10AA3800DFF8B882C4F8AC31D5E90A20D4F840313F
:10AA480043F40053C4F84031D4F840319B04F5D5A1
:10AA5800D4F840314FF0011123F40053C4F84031C9
:10AA6800C4F8B411D4F8B43113F00113FAD191B287
:10AA780084463B60B1F5086F00F03A8100F295809A
:10AA880040F2023E714500F0928100F2A4808229D2
:10AA980000F0E181B1F5817F00F0B381802940F0B9
:10AAA8009580864802210380FFF748FFD4F8AC312F
:10AAB800002BBFD17E4AD2F8BC31002B42D172069E
:10AAC80016D57B4BD3F8AC21C3F8AC21D3F8BC2105
:10AAD800C3F8BC21D3F8B041002CFBD14FF0FF32B2
:10AAE800C3F8B421D3F8843100F046FD744B1C60E0
:10AAF800F40103D5734B1B6803B19847B00103D524
:10AB0800714B1B6803B19847710708D5684BD3F898
:10AB1800843113F4007345D06C4B01221A70644BD6
:10AB2800D3F848311A060AD5330608D5684A137887
:10AB38002BB1013BDBB21370002B00F06D8202B029
:10AB4800BDE8F0875C49C2F8BC310868034240F0B0
:10AB580098815B4A12681340B1D01C0C554D1FFAFE
:10AB680083F810D094FAA4F7B7FA87F705EBC71063
:10AB78004030FFF7C7FE012303FA07F7BC43F1D1C2
:10AB8800B8F1000F9BD0012798FAA8F4B4FA84F41E
:10AB980005EBC41007FA04F4FFF7B4FE38EA04081A
:10ABA800F2D18CE7494A1370B9E742F2212E714578
:10ABB8005AD049D8B1F5106F00F0A28042F2210CAA
:10ABC800614503D1010C072900F08C814FF0011376
:10ABD800C4F8C0316AE7B1F5A06F00F0CA80A1F5EA
:10ABE800D0610129F2D83B4B59680029EED01FFAF1
:10ABF8008CFE120C03E019690C330029E6D0B3F877
:10AC080000C09445F7D1B3F802C0F445F3D14FEA38
:10AC1800122C000CBCF1030F00F0CB811B8983427E
:10AC280028BF0346B2F5007F9A4640F09A81274B29
:10AC38001B78002B40F0EE81274952462748DFF861
:10AC48009C90FFF751FC9EE142F22133994214D0C7
:10AC58004FF6C0039942B9D183B2FF2BB6D843F45B
:10AC68006E4363F30F0CBEE780B230B91C4B120C75
:10AC780019681C4B19601C4B1A700023C5F84880D2
:10AC8800EB64C8F808300123C8F800308023C8F8FE
:10AC980004304FF00113C4F8BC31D4F8B03143F498
:10ACA8008033C4F8B031D4F8B031002BFBD1FDE6C5
:10ACB80000002E4000000020D8200020182100208D
:10ACC800DC2000207C210020802100209E21002003
:10ACD8009F210020C40C0020043E006000002020BA
:10ACE80068210020782100209C21002040170020A6
:10ACF800B34B0121B3481B780370FFF71FFED5E65D
:10AD0800AF49120C01930A70AF4AC4F8C821AF4A80
:10AD1800C4F8CC21AE4AC4F8D02100F02FFC802220
:10AD28000199AC4801F04EF9AB498022019BA96416
:10AD38004A60AA4AEB64C5F8A02002F13C428B6045
:10AD480002F56C2202F56F72C5F8E02001220A6054
:10AD58004FF00112C4F8BC21D4F8B02142F480327B
:10AD6800C4F8B0219E4A3B60D2F8B031002BFBD129
:10AD78009CE69949EB648B600123A9640B608023EE
:10AD88004B604FF001139649C4F8BC31D4F8B03188
:10AD980043F48033C4F8B031D1F8B031002BFBD183
:10ADA800130C5B0643F08073C1F854317EE610F053
:10ADB800780F7FF40BAF00F07F028A4B000653F840
:10ADC80022104CBF41F4803141F0010143F82210B8
:10ADD8000021814BE96499600121AB6419608021ED
:10ADE8007F4A59604FF00113C2F8BC31D2F8B03134
:10ADF80043F48033C2F8B031D2F8B031002BFBD124
:10AE080054E610F0780F7FF4E1AE00F07F02754B46
:10AE1800000653F822104CBF21F4803121F00101C3
:10AE280043F8221000216C4BE96499600121AB645E
:10AE3800196080216A4A59604FF00113C2F8BC3189
:10AE4800D2F8B03143F48033C2F8B031D2F8B0311F
:10AE5800002BFBD12AE610F078037FF4B7AE00F0A0
:10AE68007F01604A000652F82110564A138036D5F1
:10AE7800C90301D50123137002215248FFF75EFD73
:10AE880014E60020086058490C88486842F22101FD
:10AE98008C427FF45EAE80B200287FF45AAE5349EC
:10AEA800534C03C9A18086284FEA11412060A17143
:10AEB8007FF44FAE72B64F48017841F00801017037
:10AEC800D2F848110D0605D480200143C2F8440188
:10AED800C2F8481162B6484A5021117039E6CB07CA
:10AEE800CAD5C7E74049EB60444BC1E900200122BD
:10AEF800AB601A60424A5A603C4A9A60D4F8B01172
:10AF080041F00101C4F8B01102F58051D96002F591
:10AF18000051196102F5405102F5804259619A6168
:10AF28002F4AD2F8B031002BFBD12B49EB648B6050
:10AF38000123A9640B6048F280034B604FF00113B2
:10AF4800C2F8BC31D2F8B03143F48033C2F8B03122
:10AF58004FF48033224A3B60D2F8B031002BFBD14A
:10AF6800A4E5B2F5E06F7FF468AE264B1B78002BA2
:10AF78004ED12549DFF8949052464846FFF7B4FA77
:10AF8800072389F8013029F01F0309EB0A02BFF3F0
:10AF98004F8F4FF0E021C1F8703F20339A42FAD822
:10AFA800BFF34F8FBFF36F8F18485146FFF7C6FCAA
:10AFB8007CE50B78834228BF03469A463DE600BFEE
:10AFC8009D210020182100200200CC00C8000200AA
:10AFD8000200C80080000020401700205DCFC6B8DE
:10AFE80000002E40C0012E40001D0020D02000206F
:10AFF80070210020982100209F2100206017002048
:10B00800800007009E210020683E0060000020208C
:10B018000449AFE7044910E60320FFF7E5FC01F017
:10B02800C3F800BF043E0060683E00602DE9F043AD
:10B03800841E83B0022C02D903B0BDE8F083124D00
:10B0480090460F46C60105EBC0143C220021019032
:10B05800201D994600F0B6FFB8FA88F23904520963
:10B0680041EA42710122A951C4F83890A260B9F1AD
:10B07800000FE1D00549019B9A400B681A430A600A
:10B0880003B0BDE8F08300BF00000020DC200020F2
:10B098002DE9F043A0F1020E83B0BEF1020F02D9F0
:10B0A80003B0BDE8F0839146C201124F884602F111
:10B0B800400605463C220021F4190193201D00F0AA
:10B0C80081FFB9FA89FC4FEA0842019B4FEA5C1CF0
:10B0D80042EA4C72BA510122A363A260002BDFD06E
:10B0E800054905F110000B6882401A430A6003B055
:10B0F800BDE8F08300000020DC20002012044FF09F
:10B10800010C816042F08002C0F800C0C36101F503
:10B11800805C01F54053426001F5005201F5804121
:10B12800C0F80CC08161C0E904237047831E022B5C
:10B1380000D9704700F1100C064B0A4603EBC0100B
:10B1480000B54FF0010E0EFA0CF15DF804EBFFF7B5
:10B158008FBB00BF40000020831E022B00D9704720
:10B168004FF0010C034B0A460CFA00F103EBC01038
:10B17800FFF77EBB0000002040687047144B0A228E
:10B18800DFF850C0D3F8200220F07F4000EB8003A6
:10B1980000B55B0085B0604538BF18466946FFF7C3
:10B1A8003DFADFF834C06B46002260461978013258
:10B1B800013341B10A2A20F8021FF7D116228CF870
:10B1C800002005B000BD52008CF8002005B000BD7D
:10B1D80000441F4080969800C410002000F0ECBA8C
:10B1E80000F0BABA00F020BB00F0D8BA00F06EBB8D
:10B1F80000F048BB0846114600F03ABB70B5164D42
:10B208004FF0E02415494FF40032154E05EB401578
:10B2180082B001EB4021C4F88C21034632882846CD
:10B228000191FFF76BFF019933880B44BFF34F8FF0
:10B23800C4F85C1F20318B42FAD8BFF34F8FBFF39D
:10B248006F8F03202946FFF787FF4FF40033C4F8B8
:10B258000C3102B070BD00BF801700208000202094
:10B2680086210020264B1A884368C3F30E43D21A5E
:10B27800002AF0B5C46983B028DD2248224D017840
:10B288002D78CBB2DFF894C0A942204D09D01CF824
:10B2980003100F4635F811100E46C1F500718A42A9
:10B2A8001AD90133002125F81420082B184D88BF1E
:10B2B8000B4625F8141098BF19460CF80340154B97
:10B2C800017019680A441A6003B0F0BD204603B043
:10B2D800BDE8F040FFF792BF0F4906EB4720019207
:10B2E800084401EB4421FFF7FFF8019A0949204679
:10B2F800B31825F817300B6813440B60E7E700BF55
:10B30800862100209621002097210020242100205A
:10B31800342100202021002080002020442100200A
:10B32800224B1A78002A3FD102F0FF03204A1278F4
:10B33800002A39D01F4A1288002A35D01E49C2F582
:10B34800006210B5087884B01C4901EB40141C4910
:10B3580001EBC0212046CDE902230191FFF7CEFE83
:10B36800DDE901120A44BFF34F8F4FF0E020039B41
:10B37800C0F8701F20318A42FAD80193BFF34F8F6B
:10B38800BFF36F8F04202146FFF7D0FE0A48002143
:10B39800084B027819800132019BD2B2032A98BF68
:10B3A8001346037004B010BD704700BF9B210020F6
:10B3B8009D210020882100209A210020801C002047
:10B3C800801020202DE9F04F87B00490002900F06C
:10B3D800BF8000235F4C604F4FF00109DFF890A158
:10B3E8005E4E029303915E4B5E4A1D783B8802EBEA
:10B3F800451284F800900192002B40F0A5809846F1
:10B408001D469B460198FFF7B7FE10F0800000F03C
:10B418008B80BFF34F8F9AF8003084F800B00DB9D5
:10B42800D6F80080002B7BD13368A3EB0803782B78
:10B4380000F283804C4B1B78002B71D000F094FAFB
:10B448003B88012584F80090002BDBD044491A463C
:10B45800C3F500600D78039900EBC520DFF814B13F
:10B468009142584417D20593DDE903210192FFF771
:10B478003BF8019A4FF04041059B9B1A3B803B4BA0
:10B48800C3F88410BFF34F8F029800231044237031
:10B4980007B0BDE8F08F0499FFF726F800230BEBFF
:10B4A800C5214FF400620198FFF728FE0BEBC52178
:10B4B800BFF34F8F01F1200201F50063934294BF5F
:10B4C800012340234FF0E02201EB4313C2F8701F21
:10B4D80020318B42FAD1BFF34F8FBFF36F8F042017
:10B4E8000199FFF723FE1E4A13780133DBB2042BC0
:10B4F80028BF002313703B88039AD11A029A1A4472
:10B5080003910292049A1A4400230492174A3B803A
:10B51800C2F88430BFF34F8F237000297FF463AFE4
:10B52800029807B0BDE8F08F4FF400620C4B8AF820
:10B5380000001D7813463A808DE7012302988AF8A7
:10B54800003007B0BDE8F08F1A46C3F5006082E707
:10B558000846E6E79B21002088210020682100207A
:10B568009A210020801C00209D21002000002E40F0
:10B578009921002080102020704700BF2D4B00210A
:10B5880080222D4870B51B7800242C4E8B420CBFAE
:10B5980040234FF400732A4D33802B8000F012FDB6
:10B5A800284A2146284B14704FF4807227481C8083
:10B5B80000F008FD264A1021264B0220C2E900446B
:10B5C800C2E90244244AC3E900441470234AC3E987
:10B5D8000244234B1C70234614602246FFF758FD93
:10B5E800204B224631880320FFF720FD2346012205
:10B5F80029880420FFF74CFD20460134FFF7FEFDA3
:10B60800082CF9D1184B00214A221848184C04601C
:10B61800C3F88410C3F88020D3F84821154942F0B4
:10B628008072C3F8482121B1134A137843F001030B
:10B63800137070BD9E210020801C002086210020F0
:10B648008A2100209A2100208821002080170020CC
:10B6580024210020342100209621002020210020D0
:10B66800972100209573000000002E407C210020C7
:10B678005174000000000000A02100202DE9F84FBF
:10B688004FF400324FF0E023C3F88C212B4B1C7889
:10B69800002950D082468B46E4B20027DFF8B490E8
:10B6A800274B5046274AABEB07081B78A34204F107
:10B6B800010437D0092C244B244928BF00241E5DDF
:10B6C80039F8163031F8165003EB4621ED1A1144BB
:10B6D800A8452A4617D21E4C42465046FEF704FF9C
:10B6E800236839F816105846A3EB0B0388443B44EB
:10B6F80029F8168023604FF0E0234FF40032C3F896
:10B708000C21BDE8F88FFEF7EFFE114A2F443046B2
:10B718001368AA445B1B1360084A1470FFF76EFD98
:10B72800BB45BDD84FF0E0234FF400323846C3F88C
:10B738000C21BDE8F88F0846DDE700BF97210020FF
:10B748009621002080002020442100202421002070
:10B7580020210020342100200B4B0C4A1278197844
:10B76800D3B28A420DD0013309480A4A092B0A4943
:10B7780028BF0023C35C31F8131002EB4323585C45
:10B7880070474FF0FF307047962100209721002026
:10B79800442100208000202034210020054B186817
:10B7A80000B1704700B583B0019000F0DDF8019852
:10B7B80003B000BD202100202DE9F84F144E154D8F
:10B7C80033782A78934220D0DCB2DFF85090DFF843
:10B7D80050B0DFF85080104F0134082CA24601D930
:10B7E8000024A24619F80400DBF8003038F81020CD
:10B7F80037F81010521A9B1ACBF80030FFF7FEFCEE
:10B8080086F800A02B78A342E6D1BDE8F88F00BFE8
:10B818009721002096210020342100204421002077
:10B82800202100202421002000B583B001210DF142
:10B838000700FFF723FF18B19DF8070003B000BD0C
:10B848004FF0FF30FAE700BF084B00B583B01B7814
:10B858008DF8070033B101210DF10700FFF7B2FDA4
:10B8680003B000BD03F0FF0003B000BD9D21002020
:10B87800034B1B780BB1FFF7A5BD03F0FF00704722
:10B888009D2100202DE9F04100240D4E01230D4D8E
:10B89800A0460D4F33703B782846A34205D0FFF7EA
:10B8A8006BFC030658BF08F5006801342035042CEA
:10B8B800F1D1BFF34F8F002340463370BDE8F081CC
:10B8C8009B210020801C00209A210020204B1B78FF
:10B8D80013B1204B1A8802B970471F4BC2F500629A
:10B8E8001E481F4930B51B7883B01E4C00EB43102F
:10B8F80001EBC3210123054623700023CDE9001283
:10B90800FFF7FCFBDDE900120A44BFF34F8F4FF04D
:10B91800E023C3F8701F20318A42FAD8BFF34F8F53
:10B92800BFF36F8F04202946FFF700FC0A49002265
:10B9380008480B7802800133DBB2042B28BF13467A
:10B948000B70BFF34F8F074B1A7003B030BD00BFA9
:10B958009D210020882100209A210020801C0020A1
:10B96800801020209B2100202E4B2DE9F0411E78CD
:10B9780086B1DFF8C88098F800305BB90123F10779
:10B9880088F8003040D4B20727D4002388F8003064
:10B99800730701D4BDE8F081234B1A68002AF9D057
:10B9A800EFF30582002AF5D1EFF3108572B6186817
:10B9B800002830D01D4C217800292CD1012222707A
:10B9C80042691A60002A2AD0916105B962B6002539
:10B9D8008368457798472570DCE7154B1B78002B63
:10B9E800D3D0144F002557F8044F236820461B690D
:10B9F800984710B163699B6898470D4B01351A78D1
:10BA0800EBB29A42EFD8C0E7FFF7C8FE0028BAD0D9
:10BA1800AFF30080B7E7002DBCD162B6BAE7064B9A
:10BA28001A60D2E7A0210020081D00208C210020E8
:10BA38008D2100201C170020141D00208E210020BD
:10BA4800A94AAA4B90422DE9F047A94CD3F814E033
:10BA58009969D4F80CC000F2088103F1437303F527
:10BA6800F4530333A3FB0023DB0D03EB830303EB46
:10BA7800830202F2B63240F227639A4228BF1A467E
:10BA88009C4BA3FB0232D208203A984D0CF01F04BD
:10BA9800D5F88030944243F0C003C5F880300BD20B
:10BAA8002CF01F0C924C4CEA020CC4F80CC0236812
:10BAB800002BFCDA0CF01F041EF0007327D18E4D0A
:10BAC8002E698E4DB54300F0FA8081F48055764694
:10BAD8004FF4805716F0605F06D02EF0605E4EEA95
:10BAE800030E824BC3F814E015F4405F07D021F42D
:10BAF80040517E4D3943A961AB6C1B07FCD44EF015
:10BB0800007E7A49C1F814E08B6C9F06FCD47C490E
:10BB1800884200F2DF80012635460EE0082D0CD160
:10BB2800042E00F291800136022506FB00F38B42B9
:10BB380000F2C3805B008B4206D8013506FB05F393
:10BB480000FB03F38B42E9D9771E05F1FF384FEA72
:10BB5800872A8EEA87276B4959186B4B99427CD9FB
:10BB6800DFF8E4916C2369486349B0FBF5F0684D50
:10BB7800B0FBF6F00E6835404D4508D043F400534D
:10BB88004FF480550D600B600B68002BFCDA5749A9
:10BB98000B6903F00703434504D0C1F810808B6C90
:10BBA800DE03FCD417F4E05F0BD02EF4E05E0AF459
:10BBB800E0534E4943EA0E0EC1F814E08B6C9D0722
:10BBC800FCD4544D544945198D4239D8534BED098D
:10BBD800A3FB05352D0B6B1E1B028EEA030111F426
:10BBE800407F07D02EF4407E03F440733F4943EA78
:10BBF8000E034B613D494B6923F000734B618B6C1D
:10BC08009B06FCD4464BA242A3FB00134FF0FF3126
:10BC18004FEA9343B0FBF5F5B1FBF3F341490860F4
:10BC280041490D6041490B6008D22CF01F0C304986
:10BC38004CEA0202CA600B68002BFCDABDE8F08708
:10BC48004FF440730425C8E7771E2E494FF00708C4
:10BC58004FEA872A59188EEA8727294B99421CD818
:10BC6800DFF8E890362332487EE7324B984201D815
:10BC78000E220AE7304B984228D9304A904227D9F9
:10BC8800821A2F4B120AA3FB0232D20902EB82025C
:10BC980002EB820202F2E242EDE6A3F18253294866
:10BCA800DFF8AC90A3F589337E3BA3FB01310B0D84
:10BCB80003FB00F043EA090956E7012544E71F465C
:10BCC8008EF0C0560D464FF0C05303E70F22DCE656
:10BCD8001222DAE6012603464FF0000A77464FF0B3
:10BCE8000008354637E700BF001C4E0E00C00F4065
:10BCF800000008401F85EB5100800D404030008057
:10BD0800FFB19F26808D5B00FF7EF64D00643F4D9E
:10BD18007F3001807FD1F0087F17B42C9F10E50099
:10BD280083DE1B434C0F0020480F002060210020B9
:10BD380000B29F26FF0A6B1B00A4781F0046C3238E
:10BD480023B24C00001BB7006C2000803620008016
:10BD58000020008010B500234FF470440F224FF4E8
:10BD6800806EA0F88C411946A0F88E214FF46044EB
:10BD7800A0F890310A46B0F8883148F2B82C43F060
:10BD8800F003A0F8883101EB4103013100EB4313C4
:10BD980004299C80A3F806E05A841A865A805A819E
:10BDA800A3F80EC05A82DA825A83DA83EBD1B0F84C
:10BDB800883143F00F03A0F88831B0F8883143F494
:10BDC8007063A0F8883110BD374B384A996F3848EE
:10BDD80041F47F0170B5996741F20106D3F88010EC
:10BDE80045F6C05543F226040A43C3F88020FFF7FE
:10BDF800B1FF00F58040FFF7ADFF00F58040FFF789
:10BE0800A9FF00F58040FFF7A5FF0022A0F5031069
:10BE18004FF00F0E114600EB42134FEA421C01325D
:10BE28009981042A5981A3F80EE09E82DD8020F8CA
:10BE38000C1019829C81EED100221E484FF00F0E83
:10BE480041F20106114645F6C05543F2260400EBBF
:10BE580042134FEA421C01329981042A5981A3F8FE
:10BE68000EE09E82DD8020F80C1019829C81EED1B4
:10BE7800002211480F2641F20105114645F6C0542B
:10BE880043F2260E00EB42134FEA421C013299811D
:10BE9800042A5981DE819D82DC8020F80C101982E9
:10BEA800A3F80CE0EED170BD00C00F40000003FC09
:10BEB80000C03D4000001E4000401E40074A506A36
:10BEC800936A19468446506A936A9942F9D184451F
:10BED800F7D1DB0B43EA4040704700BF00400D40FC
:10BEE80008B5D0E900325BB1BAB10F4BA3FB02131E
:10BEF800DB0803EB4303B2EB83030AD1012008BD3F
:10BF0800094BA3FB0213DB0803EB4303B2EB8303E8
:10BF180001D0D21A4260F02AF0D800F0CDF81C22E5
:10BF2800034600201A6008BDABAAAAAA30B583B0A0
:10BF380060B3044621B11D46B2FA82F35B09A2B987
:10BF4800206818B362680AB3164B174902FB03F35B
:10BF5800B1EBB30F1AD3A368FBB900232360636066
:10BF6800A360E360012003B030BD0193069BC0E9E4
:10BF78000012C360FFF7B4FF60B1002DF2D0626811
:10BF880001992068A56000F01DF8EBE700F094F82F
:10BF980016230360002003B030BD002100F012F822
:10BFA800DBE700BFABAAAAAA5555551503460846B4
:10BFB800194600F001B800BF13460A4601460220A0
:10BFC80000F0AAB830B584078646034606D0A2B367
:10BFD80003F8011B980702F1FF32F8D1032A26D98A
:10BFE8005FFA81FC0CEB0C2C0F2A0CEB0C402AD9C5
:10BFF80022F00F0C9C44C3E90000C3E9020010338F
:10C008006345F8D112F00C0F02F00F0417D04FEA75
:10C01800940C0CF1FF351A4603EB8C0C42F8040B18
:10C028006245FBD1043304F0030203EB850322B11C
:10C038001A4403F8011B9A42FBD1704630BD2246D0
:10C04800002AF5D1F9E71446E1E700BF10B5044628
:10C058000843830701D1032A19D8A44601F1FF3EFA
:10C0680007E01EF8011F03F8011B501E31B19C4662
:10C0780002466346002AF4D1204610BD94440028A5
:10C08800FAD003F8011B6345FBD1204610BD0B46CF
:10C09800A44618681946A0F1013323EA000313F0F7
:10C0A800803F01F10403D9D1043A032A4CF8040B68
:10C0B800EFD81946D2E700BF014B1868704700BF98
:10C0C8006410002070B50E4E0E4DAE4208D0761B9F
:10C0D800B610002455F8043B01349847A642F9D815
:10C0E800094E0A4D00F05CF8AE4208D0761BB61037
:10C0F800002455F8043B01349847A642F9D870BD8E
:10C10800F01D0060F01D0060041E0060F01D00605E
:10C11800704700BF704700BFF0B51D4C83B005469F
:10C128002068019116461F46FFF7F2FF194A019948
:10C13800136823B35A6820681F2A23DC4DB9541C9E
:10C1480002325C6043F82210FFF7E4FF002003B0DE
:10C15800F0BD03EB820E0124CEF88860D3F8886125
:10C16800944046EA040C022DC3F888C1CEF8087141
:10C17800E5D1D3F88C512543C3F88C51DFE7064B42
:10C188001360D7E7FFF7C6FF4FF0FF30DFE700BFC8
:10C198005C1000207C1D0020801D00200000000095
:10C1A8005FF800F0A11D00605FF800F0FD1C006062
:04C1B800F8B500BF17
:08C1BC00F8FDFF7F0100000007
:10C1C400000000000000000000000000000000006B
:10C1D400000000000000000000000000000000005B
:10C1E400000000000000000000000000000000004B
:10C1F400000000000000000000000000000000003B
:10C20400000000000000000000000000000000002A
:10C21400000000000000000000000000000000001A
:10C22400000000000000000000000000000000000A
:10C2340000000000000000000000000000000000FA
:10C2440000000000000000000000000000000000EA
:10C2540000000000000000000000000000000000DA
:10C2640000000000000000000000000000000000CA
:10C2740000000000000000000000000000000000BA
:10C2840000000000000000000000000000000000AA
:10C29400000000000000000000000000000000009A
:10C2A400000000000000000000000000000000008A
:10C2B400000000000000000000000000000000007A
:10C2C400000000000000000000000000000000006A
:10C2D400000000000000000000000000000000005A
:10C2E400000000000000000000000000000000004A
:10C2F400000000000000000000000000000000003A
:10C304000000000000000000000000000000000029
:10C314000000000000000000000000000000000019
:10C324000000000000000000000000000000000009
:10C3340000000000000000000000000000000000F9
:10C3440000000000000000000000000000000000E9
:10C3540000000000000000000000000000000000D9
:10C3640000000000000000000000000000000000C9
:10C3740000000000000000000000000000000000B9
:10C3840000000000000000000000000000000000A9
:10C394000000000000000000000000000000000099
:10C3A4000000000000000000000000000000000089
:10C3B4000000000000000000000000000000000079
:10C3C4000000000000000000000000000000000069
:10C3D4000000000000000000000000000000000059
:10C3E4000000000000000000000000000000000049
:10C3F4000000000000000000000000000000000039
:10C404000000000000000000000000000000000028
:10C414000000000000000000000000000000000018
:10C424000000000000000000000000000000000008
:10C4340000000000000000000000000000000000F8
:10C444004E0C0000B80B0000BE0A0000414D000075
:10C4540000000000464D0000494E495449414C49F2
:10C464005A494E470000000052543100554E41567F
:10C4740041494C41424C4500505245560000000091
:10C484004B592D3538000000505400002D2D2D2E11
:10C494002D2D2D00504F574552205550204C4F41C3
:10C4A400444552005645523A203938342D313534FA
:10C4B400312D303037000000434845434B494E4747
:10C4C4002050414745203100564F49434500000064
:10C4D400494C49393438385F74336E3A20496E76A2
:10C4E400616C6964204D49534F2070696E000000EF
:10C4F400204D4F53490000002053434C4B00000093
:10C50400204D49534F000000494C49393438385FB5
:10C5140074336E3A204572726F72206E6F74207697
:10C52400616C6964205350492070696E733A00004D
:10C5340010E000030908160A3F784C090A08161A85
:10C544000F10E1001619030F05324546040E0D3590
:10C55400370F03C0171502C14104C500128002360B
:10C5640048023A6602B08002B1A002B40201B602E7
:10C57400020202E90005F7A9512C82008D63000034
:10C5840091630000956300009963000000000000BF
:10C5940000000000455B0000415900002D0C000024
:10C5A400310C000000000000000000007164000075
:10C5B40025730000217300001D730000197300002F
:10C5C40015730000117300000D73000000000000DB
:10C5D400000000000903000059030000A503000047
:10C5E40000000000000000004503000001030000FB
:10C5F4007D0300000000000000000000FD020000B8
:10C604000103000005030000D8399D270054EA2ADD
:10C6140000A4781F007B9A1700000042C8801F40C6
:10C62400B8821F400800000000000042C4801F4080
:10C63400B4821F400400000000C0004224801F4058
:10C6440014821F401000000000C0004228801F40D8
:10C6540018821F402000000000C000422C801F40B0
:10C664001C821F404000000000C0004234801F4074
:10C6740024821F40000100000040004264811F40EA
:10C6840054831F40000400000040004280811F408A
:10C6940070831F4000000200004000427C811F4064
:10C6A4006C831F40000001000040004268811F406D
:10C6B40058831F4000080000004000423C811F4096
:10C6C4002C831F40010000000040004244811F40B1
:10C6D40034831F40040000000040004240811F409A
:10C6E40030831F40020000000040004248811F4088
:10C6F40038831F40080000000000004204811F40EE
:10C70400F4821F40000004000000004208811F4022
:10C71400F8821F40000008000000004218811F40FA
:10C7240008831F40000080000000004214811F4065
:10C7340004831F40000040000000004200811F40AD
:10C74400F0821F400000020000000042FC801F40F5
:10C75400EC821F40000001000000004224811F40C1
:10C7640014831F40000000040000004228811F4081
:10C7740018831F4000000008000000421C811F4075
:10C784000C831F40000000010000004220811F4074
:10C7940010831F400000000200000042EC801F4094
:10C7A400DC821F400010000000000042F0801F40A7
:10C7B400E0821F40002000000000004234811F403E
:10C7C40024831F40000000400000004238811F40C5
:10C7D40028831F40000000800080004294801F4096
:10C7E40084821F400000040000C0004290801F406B
:10C7F40080821F400000008000800042A8801F400B
:10C8040098821F400000800000800042A4801F40E6
:10C8140094821F4000004000004000426C811F4091
:10C824005C831F400010000000C0004230801F40A5
:10C8340020821F408000000000400042B0811F4061
:10C84400A0831F400000002000400042AC811F4034
:10C854009C831F40000000100040004284811F4060
:10C8640074831F40000004000040004288811F4080
:10C8740078831F4000000800000000422C811F4004
:10C884001C831F40000000100000004230811F4044
:10C8940020831F4000000020000000420C811F4044
:10C8A400FC821F40000010000000004210811F4065
:10C8B40000831F400000200000800042C8811F4008
:10C8C400B8831F400080000000800042C4811F40E4
:10C8D400B4831F400040000000800042C0811F401C
:10C8E400B0831F400020000000800042BC811F4034
:10C8F400AC831F400010000000800042D0811F4024
:10C90400C0831F400000020000800042CC811F4011
:10C91400BC831F400000010000C0004274801F401F
:10C9240064821F400000000100C0004280801F405C
:10C9340070821F400000000800C0004284801F4035
:10C9440074821F400000001000C000426C801F4031
:10C954005C821F400000400000C000427C801F40F9
:10C964006C821F400000000400C0004278801F4019
:10C9740068821F400000000200C0004288801F40FF
:10C9840078821F400000002000000000003E5B4F42
:10C994005B3E3E6B4F6B3E1C3E7C3E1C183C7E3C1B
:10C9A400181C577D571C1C5E7F5E1C00183C180029
:10C9B400FFE7C3E7FF0018241800FFE7DBE7FF30B9
:10C9C400483A060E2629792926407F050507407F27
:10C9D40005253F5A3CE73C5A7F3E1C1C08081C1C9A
:10C9E4003E7F14227F22145F5F005F5F06097F0190
:10C9F4007F006689956A606060606094A2FFA2947B
:10CA040008047E040810207E201008082A1C080848
:10CA14001C2A08081E101010100C1E0C1E0C303896
:10CA24003E3830060E3E0E06000000000000005F97
:10CA340000000007000700147F147F14242A7F2AB3
:10CA44001223130864623649562050000807030075
:10CA5400001C2241000041221C002A1C7F1C2A08C1
:10CA6400083E080800807030000808080808000024
:10CA740060600020100804023E5149453E00427F98
:10CA8400400072494949462141494D331814127FE7
:10CA94001027454545393C4A494931412111090787
:10CAA4003649494936464949291E00001400000008
:10CAB40040340000000814224114141414140041DA
:10CAC40022140802015909063E415D594E7C121197
:10CAD400127C7F494949363E414141227F414141CF
:10CAE4003E7F494949417F090909013E414151734A
:10CAF4007F0808087F00417F41002040413F017FBB
:10CB0400081422417F404040407F021C027F7F0482
:10CB140008107F3E4141413E7F090909063E4151CB
:10CB2400215E7F09192946264949493203017F01BB
:10CB3400033F4040403F1F2040201F3F4038403FBC
:10CB4400631408146303047804036159494D4300D2
:10CB54007F4141410204081020004141417F040209
:10CB640001020440404040400003070800205454A0
:10CB740078407F284444383844444428384444287E
:10CB84007F385454541800087E090218A4A49C78D1
:10CB94007F0804047800447D40002040403D007F2D
:10CBA4001028440000417F40007C047804787C080D
:10CBB4000404783844444438FC18242418182424E1
:10CBC40018FC7C08040408485454542404043F44C6
:10CBD400243C4040207C1C2040201C3C4030403CF5
:10CBE40044281028444C9090907C4464544C440055
:10CBF40008364100000077000000413608000201B9
:10CC04000204023C2623263C1EA1A161123A4040A4
:10CC1400207A385454555921555579412154547822
:10CC240041215554784020545579400C1E527212BB
:10CC34003955555559395454545939555454580043
:10CC440000457C410002457D420001457C40F029BD
:10CC54002429F0F0282528F07C545545002054540C
:10CC64007C547C0A097F4932494949323248484850
:10CC740032324A4848303A4141217A3A4240207897
:10CC8400009DA0A07D39444444393D4040403D3C92
:10CC940024FF2424487E4943662B2FFC2F2BFF09B5
:10CCA40029F620C0887E09032054547941000044A9
:10CCB4007D413048484A32384040227A007A0A0A94
:10CCC400727D0D19317D2629292F28262929292607
:10CCD40030484D4020380808080808080808382F4C
:10CCE40010C8ACBA2F102834FA00007B00000814D6
:10CCF4002A142222142A1408AA005500AAAA55AA02
:10CD040055AA000000FF00101010FF00141414FFB7
:10CD1400001010FF00FF1010F010F0141414FC00A9
:10CD24001414F700FF0000FF00FF1414F404FC14B3
:10CD34001417101F10101F101F1414141F001010AC
:10CD440010F0000000001F101010101F1010101021
:10CD5400F010000000FF101010101010101010FF41
:10CD640010000000FF140000FF00FF00001F101758
:10CD74000000FC04F414141710171414F404F40041
:10CD840000FF00F714141414141414F700F7141407
:10CD940014171410101F101F141414F4141010F08E
:10CDA40010F000001F101F0000001F14000000FC02
:10CDB400140000F010F01010FF10FF141414FF14EE
:10CDC4001010101F00000000F010FFFFFFFFFFF025
:10CDD400F0F0F0F0FFFFFF0000000000FFFF0F0F76
:10CDE4000F0F0F38444438447C2A2A3E147E020232
:10CDF4000606027E027E0263554941633844443C80
:10CE040004407E201E2006027E020299A5E7A59911
:10CE14001C2A492A1C4C7201724C304A4D4D303048
:10CE240048784830BC625A463D3E494949007E0133
:10CE340001017E2A2A2A2A2A44445F444440514A52
:10CE4400444040444A51400000FF0103E080FF0099
:10CE54000008086B6B083612362436060F090F06D5
:10CE6400000018180000001010003040FF010100FD
:10CE74001F01011E00191D1712003C3C3C3C000020
:10CE840000000000000100007410002012000000E7
:10CE940000060000CC3E00600A0000000002000012
:10CEA400683E00606200000000070000043E00606D
:10CEB40062000000EE030000B01000201200000029
:10CEC400000004EE88100020280000000003000089
:10CED400003E00600000000001030904E83D00601A
:10CEE4000000000002030904D03D006000000000BF
:10CEF40003030904C4100020000000000000000027
:10CF0400000000000000000000000000141F0020CA
:10CF14007C1F0020E41F002000000000000000002F
:10CF240000000000000000000000000000000000FD
:10CF340000000000000000000000000000000000ED
:10CF440000000000000000000000000000000000DD
:10CF540000000000000000000000000000000000CD
:10CF640000000000000000000000000000000000BD
:10CF740000000000000000000000000000000000AD
:10CF8400000000000000000000000000000000009D
:10CF9400000000000000000000000000000000008D
:10CFA40001000000000000000E33CDAB34126DE62A
:10CFB400ECDE05000B000000000000000000000093
:10CFC400000000000000000000000000000000005D
:10CFD400000000000000000000000000000000004D
:10CFE400000000000000000000000000000000003D
:10CFF400000000000000000000000000000000002D
:10D00400000000000000000000000000000000001C
:10D01400000000000000000000000000000000000C
:10D0240000000000000000000000000000000000FC
:10D0340000000000000000000000000000000000EC
:10D0440000000000000000000000000000000000DC
:10D0540000000000000000000000000000000000CC
:10D0640000000000000000000000000000000000BC
:10D0740000000000000000000000000000000000AC
:10D08400000000000000000000000000000000009C
:10D09400000000000000000000000000000000008C
:10D0A400000000000000000000000000000000007C
:10D0B400000000000000000000000000000000006C
:10D0C400000000000000000000000000000000005C
:10D0D400000000000000000000000000000000004C
:10D0E400000000000000000000000000000000003C
:10D0F400000000000000000000000000000000002C
:10D1040000000000000000000029DE07007B9A17E1
:10D1140000003A40603D0060000000000000000094
:10D1240000000000000000000000000000000000FB
:10D1340000000000000000000000000000000000EB
:10D1440000000000000000000000000000000000DB
:10D1540000000000000000000000000000000000CB
:10D1640000C03940F03C00600000000000000000F6
:10D1740000000000000000000000000000000000AB
:10D18400000000000000000000000000000000009B
:10D19400000000000000000000000000000000008B
:10D1A400000000000000000000000000000000007B
:10D1B40000403940803C0060000000000000000096
:10D1C400000000000000000000000000000000005B
:10D1D400000000000000000000000000000000004B
:10D1E400000000000000000000000000000000003B
:10D1F400000000000000000000000000000000002B
:10D20400EC03002000000000E80300000000000020
:10D214000000000080000000FFFFFFFF101F00203F
:10D2240000000000480D00202D2D2D2D2D2D2D004A
:10D23400414D000012010002EF020140C0168304B8
:10D244008002010203010000280000000001040024
:10D254000100000000000000020157494E555342EE
:10D2640000000000000000000000000000000000BA
:10D2740012034D00530046005400310030003000CA
:10D28400F80000000C030000000000000000000093
:10D29400000000000000000000000000000000008A
:10D2A400000000000000000000000000000000007A
:10D2B400000000000000000000000000000000006A
:10D2C400000000000000000000000000000000005A
:10D2D400000000000000000000000000000000004A
:10D2E400000000000000000000000000000000003A
:10D2F400000000000000000000000000000000002A
:10D304000000000000000000000000000000000019
:10D314000000000000000000000000000000000009
:10D3240000000000000000000000000000000000F9
:10D3340000000000000000000000000000000000E9
:10D3440000000000000000000000000000000000D9
:10D3540000000000000000000000000000000000C9
:10D3640000000000000000000000000000000000B9
:10D3740000000000000000000000000000000000A9
:10D384000000000000000000000000000000000099
:10D394000000000000000000000000000000000089
:10D3A4000000000000000000000000000000000079
:10D3B4000000000000000000000000000000000069
:10D3C4000000000000000000000000000000000059
:10D3D4000000000000000000000000000000000049
:10D3E4000000000000000000000000000000000039
:10D3F4000000000000000000000000000000000029
:10D404000000000000000000000000000000000018
:10D414000000000000000000000000000000000008
:10D4240000000000000000000000000000000000F8
:10D4340000000000000000000000000000000000E8
:10D4440000000000000000000000000000000000D8
:10D4540000000000000000000000000000000000C8
:10D4640000000000000000000000000000000000B8
:10D4740000000000000000000000000000000000A8
:10D484000000000000000000000000000000000098
:10D494000000000000000000000000000000000088
:10D4A4000000000000000000000000000000000078
:10D4B4000000000000000000000000000000000068
:10D4C4000000000000000000000000000000000058
:10D4D4000000000000000000000000000000000048
:10D4E4000000000000000000000000000000000038
:10D4F4000000000000000000000000000000000028
:10D504000000000000000000000000000000000017
:10D514000000000000000000000000000000000007
:10D5240000000000000000000000000000000000F7
:10D5340000000000000000000000000000000000E7
:10D5440000000000000000000000000000000000D7
:10D5540000000000000000000000000000000000C7
:10D5640000000000000000000000000000000000B7
:10D5740000000000000000000000000000000000A7
:10D584000000000000000000000000000000000097
:10D594000000000000000000000000000000000087
:10D5A4000000000000000000000000000000000077
:10D5B4000000000000000000000000000000000067
:10D5C4000000000000000000000000000000000057
:10D5D4000000000000000000000000000000000047
:10D5E4000000000000000000000000000000000037
:10D5F4000000000000000000000000000000000027
:10D604000000000000000000000000000000000016
:10D614000000000000000000000000000000000006
:10D6240000000000000000000000000000000000F6
:10D6340000000000000000000000000000000000E6
:10D6440000000000000000000000000000000000D6
:10D6540000000000000000000000000000000000C6
:10D6640000000000000000000000000000000000B6
:10D6740000000000000000000000000000000000A6
:10D684000000000000000000000000000000000096
:10D694000000000000000000000000000000000086
:10D6A4000000000000000000000000000000000076
:10D6B4000000000000000000000000000000000066
:10D6C4000000000000000000000000000000000056
:10D6D4000000000000000000000000000000000046
:10D6E4000000000000000000000000000000000036
:10D6F4000000000000000000000000000000000026
:10D704000000000000000000000000000000000015
:10D714000000000000000000000000000000000005
:10D7240000000000000000000000000000000000F5
:10D7340000000000000000000000000000000000E5
:10D7440000000000000000000000000000000000D5
:10D7540000000000000000000000000000000000C5
:10D7640000000000000000000000000000000000B5
:10D7740000000000000000000000000000000000A5
:10D784000000000000000000000000000000000095
:10D794000000000000000000000000000000000085
:10D7A4000000000000000000000000000000000075
:10D7B4000000000000000000000000000000000065
:10D7C4000000000000000000000000000000000055
:10D7D4000000000000000000000000000000000045
:10D7E4000000000000000000000000000000000035
:10D7F4000000000000000000000000000000000025
:10D804000000000000000000000000000000000014
:10D814000000000000000000000000000000000004
:10D8240000000000000000000000000000000000F4
:10D8340000000000000000000000000000000000E4
:10D8440000000000000000000000000000000000D4
:10D8540000000000000000000000000000000000C4
:10D8640000000000000000000000000000000000B4
:10D8740000000000000000000000000000000000A4
:10D88400FFFFFFFFFFFFFFFFFFFFFFFFFFFFFFFFA4
:10D89400FFFFFFFFFFFFFFFFFFFFFFFFFFFFFFFF94
:10D8A400FFFFFFFFFFFFFFFFFFFFFFFFFFFFFFFF84
:10D8B400FFFFFFFFFFFFFFFFFFFFFFFFFFFFFFFF74
:10D8C400FFFFFFFFFFFFFFFFFFFFFFFFFFFFFFFF64
:10D8D400FFFFFFFFFFFFFFFFFFFFFFFFFFFFFFFF54
:10D8E400FFFFFFFFFFFFFFFFFFFFFFFFFFFFFFFF44
:10D8F400FFFFFFFFFFFFFFFFFFFFFFFFFFFFFFFF34
:10D90400FFFFFFFFFFFFFFFFFFFFFFFFFFFFFFFF23
:10D91400FFFFFFFFFFFFFFFFFFFFFFFFFFFFFFFF13
:10D92400FFFFFFFFFFFFFFFFFFFFFFFFFFFFFFFF03
:10D93400FFFFFFFFFFFFFFFFFFFFFFFFFFFFFFFFF3
:10D94400FFFFFFFFFFFFFFFFFFFFFFFFFFFFFFFFE3
:10D95400FFFFFFFFFFFFFFFFFFFFFFFFFFFFFFFFD3
:10D96400FFFFFFFFFFFFFFFFFFFFFFFFFFFFFFFFC3
:10D97400FFFFFFFFFFFFFFFFFFFFFFFFFFFFFFFFB3
:10D98400FFFFFFFFFFFFFFFFFFFFFFFFFFFFFFFFA3
:10D99400FFFFFFFFFFFFFFFFFFFFFFFFFFFFFFFF93
:10D9A400FFFFFFFFFFFFFFFFFFFFFFFFFFFFFFFF83
:10D9B400FFFFFFFFFFFFFFFFFFFFFFFFFFFFFFFF73
:10D9C400FFFFFFFFFFFFFFFFFFFFFFFFFFFFFFFF63
:10D9D400FFFFFFFFFFFFFFFFFFFFFFFFFFFFFFFF53
:10D9E400FFFFFFFFFFFFFFFFFFFFFFFFFFFFFFFF43
:10D9F400FFFFFFFFFFFFFFFFFFFFFFFFFFFFFFFF33
:10DA0400FFFFFFFFFFFFFFFFFFFFFFFFFFFFFFFF22
:10DA1400FFFFFFFFFFFFFFFFFFFFFFFFFFFFFFFF12
:10DA2400FFFFFFFFFFFFFFFFFFFFFFFFFFFFFFFF02
:10DA3400FFFFFFFFFFFFFFFFFFFFFFFFFFFFFFFFF2
:10DA4400FFFFFFFFFFFFFFFFFFFFFFFFFFFFFFFFE2
:10DA5400FFFFFFFFFFFFFFFFFFFFFFFFFFFFFFFFD2
:10DA6400FFFFFFFFFFFFFFFFFFFFFFFFFFFFFFFFC2
:10DA7400FFFFFFFFFFFFFFFFFFFFFFFFFFFFFFFFB2
:10DA8400FFFFFFFFFFFFFFFFFFFFFFFFFFFFFFFFA2
:10DA9400FFFFFFFFFFFFFFFFFFFFFFFFFFFFFFFF92
:10DAA400FFFFFFFFFFFFFFFFFFFFFFFFFFFFFFFF82
:10DAB400FFFFFFFFFFFFFFFFFFFFFFFFFFFFFFFF72
:10DAC400FFFFFFFFFFFFFFFFFFFFFFFFFFFFFFFF62
:10DAD400FFFFFFFFFFFFFFFFFFFFFFFFFFFFFFFF52
:10DAE400FFFFFFFFFFFFFFFFFFFFFFFFFFFFFFFF42
:10DAF400FFFFFFFFFFFFFFFFFFFFFFFFFFFFFFFF32
:10DB0400FFFFFFFFFFFFFFFFFFFFFFFFFFFFFFFF21
:10DB1400FFFFFFFFFFFFFFFFFFFFFFFFFFFFFFFF11
:10DB2400FFFFFFFFFFFFFFFFFFFFFFFFFFFFFFFF01
:10DB3400FFFFFFFFFFFFFFFFFFFFFFFFFFFFFFFFF1
:10DB4400FFFFFFFFFFFFFFFFFFFFFFFFFFFFFFFFE1
:10DB5400FFFFFFFFFFFFFFFFFFFFFFFFFFFFFFFFD1
:10DB6400FFFFFFFFFFFFFFFFFFFFFFFFFFFFFFFFC1
:10DB7400FFFFFFFFFFFFFFFFFFFFFFFFFFFFFFFFB1
:10DB8400FFFFFFFFFFFFFFFFFFFFFFFFFFFFFFFFA1
:10DB9400FFFFFFFFFFFFFFFFFFFFFFFFFFFFFFFF91
:10DBA400FFFFFFFFFFFFFFFFFFFFFFFFFFFFFFFF81
:10DBB400FFFFFFFFFFFFFFFFFFFFFFFFFFFFFFFF71
:10DBC400FFFFFFFFFFFFFFFFFFFFFFFFFFFFFFFF61
:10DBD400FFFFFFFFFFFFFFFFFFFFFFFFFFFFFFFF51
:10DBE400FFFFFFFFFFFFFFFFFFFFFFFFFFFFFFFF41
:10DBF400FFFFFFFFFFFFFFFFFFFFFFFF000000002D
:10DC04000000000000000000000000000000000010
:10DC14000000000000000000000000000000000000
:10DC240000000000000000000000000000000000F0
:10DC340000000000000000000000000000000000E0
:10DC440000000000000000000000000000000000D0
:10DC540000000000000000000000000000000000C0
:10DC640000000000000000000000000000000000B0
:10DC740000000000000000000000000000000000A0
:10DC84000000000000000000000000000000000090
:10DC94000000000000000000000000000000000080
:10DCA4000000000000000000000000000000000070
:10DCB4000000000000000000000000000000000060
:10DCC4000000000000000000000000000000000050
:10DCD4000000000000000000000000000000000040
:10DCE4000000000000000000000000000000000030
:10DCF4000000000000000000000000000000000020
:10DD0400000000000000000000000000000000000F
:10DD140000000000000000000000000000000000FF
:10DD240000000000000000000000000000000000EF
:10DD340000000000000000000000000000000000DF
:10DD440000000000000000000000000000000000CF
:10DD540000000000000000000000000000000000BF
:10DD640000000000000000000000000000000000AF
:10DD7400000000000000000000000000000000009F
:10DD8400000000000000000000000000000000008F
:10DD9400000000000000000000000000000000007F
:10DDA400000000000000000000000000000000006F
:10DDB400000000000000000000000000000000005F
:10DDC400000000000000000000000000000000004F
:10DDD400000000000000000000000000000000003F
:10DDE400000000000000000000000000000000002F
:10DDF400000000000000000000000000000000001F
:10DE0400000000000000000000000000000000000E
:10DE140000000000000000000000000000000000FE
:10DE240000000000000000000000000000000000EE
:10DE340000000000000000000000000000000000DE
:10DE440000000000000000000000000000000000CE
:10DE540000000000000000000000000000000000BE
:10DE640000000000000000000000000000000000AE
:10DE7400000000000000000000000000000000009E
:10DE8400000000000000000000000000000000008E
:10DE9400000000000000000000000000000000007E
:10DEA400000000000000000000000000000000006E
:10DEB400000000000000000000000000000000005E
:10DEC400000000000000000000000000000000004E
:10DED400000000000000000000000000000000003E
:10DEE400000000000000000000000000000000002E
:10DEF400000000000000000000000000000000001E
:10DF0400000000000000000000000000000000000D
:10DF140000000000000000000000000000000000FD
:10DF240000000000000000000000000000000000ED
:10DF340000000000000000000000000000000000DD
:10DF440000000000000000000000000000000000CD
:10DF540000000000000000000000000000000000BD
:10DF640000000000000000000000000000000000AD
:10DF7400000000000000000000000000000000009D
:10DF8400000000000000000000000000000000008D
:10DF9400000000000000000000000000000000007D
:10DFA400000000000000000000000000000000006D
:10DFB400000000000000000000000000000000005D
:10DFC400000000000000000000000000000000004D
:10DFD400000000000000000000000000000000003D
:10DFE400000000000000000000000000000000002D
:10DFF400000000000000000000000000000000001D
:10E00400000000000000000000000000000000000C
:10E0140000000000000000000000000000000000FC
:10E0240000000000000000000000000000000000EC
:10E0340000000000000000000000000000000000DC
:10E0440000000000000000000000000000000000CC
:10E0540000000000000000000000000000000000BC
:10E0640000000000000000000000000000000000AC
:10E07400000000000000000000000000000000009C
:10E08400000000000000000000000000000000008C
:10E09400000000000000000000000000000000007C
:10E0A400000000000000000000000000000000006C
:10E0B400000000000000000000000000000000005C
:10E0C400000000000000000000000000000000004C
:10E0D400000000000000000000000000000000003C
:10E0E400000000000000000000000000000000002C
:10E0F400000000000000000000000000000000001C
:10E10400000000000000000000000000000000000B
:10E1140000000000000000000000000000000000FB
:10E1240000000000000000000000000000000000EB
:10E1340000000000000000000000000000000000DB
:10E1440000000000000000000000000000000000CB
:10E1540000000000000000000000000000000000BB
:10E1640000000000000000000000000000000000AB
:10E17400000000000000000000000000000000009B
:10E18400000000000000000000000000000000008B
:10E19400000000000000000000000000000000007B
:10E1A400000000000000000000000000000000006B
:10E1B400000000000000000000000000000000005B
:10E1C400000000000000000000000000000000004B
:10E1D400000000000000000000000000000000003B
:10E1E400000000000000000000000000000000002B
:10E1F400000000000000000000000000000000001B
:10E20400000000000000000000000000000000000A
:10E2140000000000000000000000000000000000FA
:10E2240000000000000000000000000000000000EA
:10E2340000000000000000000000000000000000DA
:10E2440000000000000000000000000000000000CA
:10E2540000000000000000000000000000000000BA
:10E2640000000000000000000000000000000000AA
:10E27400000000000000000000000000000000009A
:10E28400000000000000000000000000000000008A
:10E29400000000000000000000000000000000007A
:10E2A400000000000000000000000000000000006A
:10E2B400000000000000000000000000000000005A
:10E2C400000000000000000000000000000000004A
:10E2D400000000000000000000000000000000003A
:10E2E400000000000000000000000000000000002A
:10E2F400000000000000000000000000000000001A
:10E304000000000000000000000000000000000009
:10E3140000000000000000000000000000000000F9
:10E3240000000000000000000000000000000000E9
:10E3340000000000000000000000000000000000D9
:10E3440000000000000000000000000000000000C9
:10E3540000000000000000000000000000000000B9
:10E3640000000000000000000000000000000000A9
:10E374000000000000000000000000000000000099
:10E384000000000000000000000000000000000089
:10E394000000000000000000000000000000000079
:10E3A4000000000000000000000000000000000069
:10E3B4000000000000000000000000000000000059
:10E3C4000000000000000000000000000000000049
:10E3D4000000000000000000000000000000000039
:10E3E4000000000000000000000000000000000029
:10E3F4000000000000000000000000000000000019
:10E404000000000000000000000000000000000008
:10E4140000000000000000000000000000000000F8
:10E4240000000000000000000000000000000000E8
:10E4340000000000000000000000000000000000D8
:10E4440000000000000000000000000000000000C8
:10E4540000000000000000000000000000000000B8
:10E4640000000000000000000000000000000000A8
:10E474000000000000000000000000000000000098
:10E484000000000000000000000000000000000088
:10E494000000000000000000000000000000000078
:10E4A4000000000000000000000000000000000068
:10E4B4000000000000000000000000000000000058
:10E4C4000000000000000000000000000000000048
:10E4D4000000000000000000000000000000000038
:10E4E4000000000000000000000000000000000028
:10E4F4000000000000000000000000000000000018
:10E504000000000000000000000000000000000007
:10E5140000000000000000000000000000000000F7
:10E5240000000000000000000000000000000000E7
:10E5340000000000000000000000000000000000D7
:10E5440000000000000000000000000000000000C7
:10E5540000000000000000000000000000000000B7
:10E5640000000000000000000000000000000000A7
:10E574000000000000000000000000000000000097
:10E584000000000000000000000000000000000087
:10E594000000000000000000000000000000000077
:10E5A4000000000000000000000000000000000067
:10E5B4000000000000000000000000000000000057
:10E5C4000000000000000000000000000000000047
:10E5D4000000000000000000000000000000000037
:10E5E4000000000000000000000000000000000027
:10E5F4000000000000000000000000000000000017
:10E604000000000000000000000000000000000006
:10E6140000000000000000000000000000000000F6
:10E6240000000000000000000000000000000000E6
:10E6340000000000000000000000000000000000D6
:10E6440000000000000000000000000000000000C6
:10E6540000000000000000000000000000000000B6
:10E6640000000000000000000000000000000000A6
:10E674000000000000000000000000000000000096
:10E684000000000000000000000000000000000086
:10E694000000000000000000000000000000000076
:10E6A4000000000000000000000000000000000066
:10E6B4000000000000000000000000000000000056
:10E6C4000000000000000000000000000000000046
:10E6D4000000000000000000000000000000000036
:10E6E4000000000000000000000000000000000026
:10E6F4000000000000000000000000000000000016
:10E704000000000000000000000000000000000005
:10E7140000000000000000000000000000000000F5
:10E7240000000000000000000000000000000000E5
:10E7340000000000000000000000000000000000D5
:10E7440000000000000000000000000000000000C5
:10E7540000000000000000000000000000000000B5
:10E7640000000000000000000000000000000000A5
:10E774000000000000000000000000000000000095
:10E784000000000000000000000000000000000085
:10E794000000000000000000000000000000000075
:10E7A4000000000000000000000000000000000065
:10E7B4000000000000000000000000000000000055
:10E7C4000000000000000000000000000000000045
:10E7D4000000000000000000000000000000000035
:10E7E4000000000000000000000000000000000025
:0CE7F40000000000000000000000000019
:040000056000100087
:00000001FF
